--------- beginning of main
08-28 15:50:48.280 E/Light   (  898): AmbienteLight: 460.000000
08-28 15:50:48.614 E/Light   (  898): AmbienteLight: 465.000000
08-28 15:50:48.641 I/libPerfCtl(  905): xgfGetFPS pid:6153 fps:-1
--------- beginning of system
08-28 15:50:48.880 W/ProcessStats( 1687): Tracking association SourceState{5535bc1 com.android.systemui/1000 BTopFgs #33193} whose proc state 2 is better than process ProcessState{2b90f66 com.miui.notification:remote/1000 pkg=com.miui.notification} proc state 3 (0 skipped)
08-28 15:50:48.880 W/android.hardware.memtrack-service.mediatek(  904): [memtrack] fopen /proc/mtk_mali/gpu_memory fail
08-28 15:50:48.881 W/android.hardware.memtrack-service.mediatek(  904): [memtrack] fopen /proc/dma_heap/stats fail
08-28 15:50:48.947 E/Light   (  898): AmbienteLight: 469.000000
08-28 15:50:48.948 D/AALLightSensor( 1261): oldLux=482 [SA:467 LA:465] newLux=482 (oriLux: 469)
08-28 15:50:48.951 D/BoundBrokerSvc(32716): onUnbind: Intent { act=com.google.android.gms.feedback.internal.IFeedbackService dat=chimera-action: cmp=com.google.android.gms/.chimera.GmsBoundBrokerService }
08-28 15:50:49.280 E/Light   (  898): AmbienteLight: 471.000000
08-28 15:50:49.613 E/Light   (  898): AmbienteLight: 467.000000
08-28 15:50:49.641 I/libPerfCtl(  905): xgfGetFPS pid:6153 fps:-1
08-28 15:50:49.947 E/Light   (  898): AmbienteLight: 468.000000
08-28 15:50:50.262 I/BatteryService( 1687): current mPlugType2current mHealthInfo.batteryLevel36current mHealthInfo.batteryTemperature311
08-28 15:50:50.267 D/ThermalIECHandler(10532): storeDataStyle: thermal_iec_monitor_persistence_data_style_iec_state; startIECTime: -1; IECScreenOffOverPeriodTime: 1560523
08-28 15:50:50.268 I/PowerUtils( 3610): getSurfaceTemprature temp: 35
08-28 15:50:50.269 I/PowerSaveService( 3610): onReceive: android.intent.action.BATTERY_CHANGED
08-28 15:50:50.271 I/PowerNoticeUI( 3610): handleBatteryChanged oldPlugType 2 mPlugType 2 oldBatteryLevel 36 mBatteryLevel 36 temperature 311
08-28 15:50:50.272 W/libc    ( 3610): Access denied finding property "persist.vendor.battery.erp"
08-28 15:50:50.273 I/ChargerBatteryIntelligenceReceiver( 3610): onBatteryChanged temperature：31,plugType:2
08-28 15:50:50.275 D/PowerCheckerService(10532): onBatteryChanged, mBatteryLevel = 36, status = 2, level = 36, plug = 2, scale = 100
08-28 15:50:50.277 D/PowerKeeper.Thermal(10532): mBatteryTemperature: 31
08-28 15:50:50.280 E/Light   (  898): AmbienteLight: 467.000000
08-28 15:50:50.613 E/Light   (  898): AmbienteLight: 467.000000
08-28 15:50:50.641 I/libPerfCtl(  905): xgfGetFPS pid:6153 fps:-1
08-28 15:50:50.947 E/Light   (  898): AmbienteLight: 468.000000
08-28 15:50:51.280 E/Light   (  898): AmbienteLight: 471.000000
08-28 15:50:51.613 E/Light   (  898): AmbienteLight: 471.000000
08-28 15:50:51.642 I/libPerfCtl(  905): xgfGetFPS pid:6153 fps:-1
08-28 15:50:51.947 E/Light   (  898): AmbienteLight: 471.000000
08-28 15:50:52.054 D/CarrierConfigLoader( 2168): getConfigForSubIdWithFeature: subscriptionId=7, phoneId=1
08-28 15:50:52.075 D/NetworkController.MobileSignalController(7)( 6153): update5GConnectState: false
08-28 15:50:52.076 D/NetworkController.MobileSignalController(7)( 6153): NotQcom5G, signal level = 5
08-28 15:50:52.280 E/Light   (  898): AmbienteLight: 472.000000
08-28 15:50:52.613 E/Light   (  898): AmbienteLight: 471.000000
08-28 15:50:52.642 I/libPerfCtl(  905): xgfGetFPS pid:6153 fps:-1
08-28 15:50:52.947 E/Light   (  898): AmbienteLight: 471.000000
08-28 15:50:52.948 D/AALLightSensor( 1261): oldLux=482 [SA:471 LA:470] newLux=482 (oriLux: 471)
08-28 15:50:52.985 D/FiveGDataOptimize( 2168): isAnyCallOngoing callOngoing= false
08-28 15:50:52.996 D/FiveGDataOptimize( 2168): TxRx: 0, Tx: 0, Rx: 0, Hit: 0
08-28 15:50:53.280 E/Light   (  898): AmbienteLight: 471.000000
08-28 15:50:53.494 W/ActivityManager( 1687): Unable to start service Intent { cmp=com.miui.powerkeeper/.perfshielder.PerfShielderStatisticsService } U=0: not found
08-28 15:50:53.495 W/libc    ( 2125): Access denied finding property "persist.vendor.sss.smartRat.ut"
08-28 15:50:53.495 W/libc    ( 2125): Access denied finding property "persist.vendor.sss.smartRat.looback"
08-28 15:50:53.495 V/PerfShielderService( 1687): Miui powerkeeper: can't bind to com.miui.powerkeeper.perfshielder.PerfShielderStatisticsService
08-28 15:50:53.495 W/libc    ( 2125): Access denied finding property "persist.vendor.sss.smartRat.looback_mode"
08-28 15:50:53.529 D/HeapUsage Monitor( 1687): HeapAllocSize : 63MB; monitorSize : 500MB
08-28 15:50:53.529 D/AES     ( 1687): AEEIOCTL_GET/SET_SF_STATE IOCTL,cmd= 1074294797, lParam=0. 
08-28 15:50:53.529 D/AES     ( 1687): AEEIOCTL_RT_MON_Kick IOCTL,cmd= 2147774474, lParam=300. 
08-28 15:50:53.560 D/CarrierConfigLoader( 2168): getConfigForSubIdWithFeature: subscriptionId=7, phoneId=1
08-28 15:50:53.613 E/Light   (  898): AmbienteLight: 474.000000
08-28 15:50:53.724 I/BufferQueueProducer(  923): [StatusBar#0](this:0xb40000717dd558d0,id:-1,api:0,p:-1,c:923) queueBuffer: fps=0.17 dur=6042.57 max=6042.57 min=6042.57
08-28 15:50:53.727 I/hwcomposer(  894): [HWCDisplay] [Display_0 (type:1)] fps:0.165483,dur:6042.92,max:6042.92,min:6042.92  
08-28 15:50:53.732 I/SurfaceFlinger(  923): operator()(), mtkRenderCntDebug 3877, screenshot (com.android.settings/com.android.settings.Settings$DevelopmentSettingsDashboardActivity#0)
08-28 15:50:53.732 I/SurfaceFlinger(  923): operator()(), mtkRenderCntDebug 3877, screenshot (ForceBlack#0)
08-28 15:50:53.732 I/SurfaceFlinger(  923): operator()(), mtkRenderCntDebug 3877, screenshot (com.miui.securitycenter/.FloatingWindow#0)
08-28 15:50:53.947 E/Light   (  898): AmbienteLight: 476.000000
08-28 15:50:54.280 E/Light   (  898): AmbienteLight: 474.000000
08-28 15:50:54.613 E/Light   (  898): AmbienteLight: 476.000000
08-28 15:50:54.710 I/libPerfCtl(  905): xgfGetFPS pid:6153 fps:-1
08-28 15:50:54.751 D/CarrierConfigLoader( 2168): getConfigForSubIdWithFeature: subscriptionId=7, phoneId=1
08-28 15:50:54.772 D/NetworkController.MobileSignalController(7)( 6153): update5GConnectState: false
08-28 15:50:54.772 D/NetworkController.MobileSignalController(7)( 6153): NotQcom5G, signal level = 5
08-28 15:50:54.895 I/thermal_repeater( 1246): [recvMdThermalInfo] ret=31, strLen=127,  1, 32767,,, 196, 32767, -28524
08-28 15:50:54.947 E/Light   (  898): AmbienteLight: 481.000000
08-28 15:50:55.280 E/Light   (  898): AmbienteLight: 490.000000
08-28 15:50:55.345 W/android.manage( 3396): Reducing the number of considered missed Gc histogram windows from 435 to 100
08-28 15:50:55.613 E/Light   (  898): AmbienteLight: 496.000000
08-28 15:50:55.710 I/libPerfCtl(  905): xgfGetFPS pid:6153 fps:-1
08-28 15:50:55.736 I/BufferQueueProducer(  923): [StatusBar#0](this:0xb40000717dd558d0,id:-1,api:0,p:-1,c:923) queueBuffer: fps=0.50 dur=2012.23 max=2012.23 min=2012.23
08-28 15:50:55.739 I/hwcomposer(  894): [HWCDisplay] [Display_0 (type:1)] fps:0.496980,dur:2012.15,max:2012.15,min:2012.15  
08-28 15:50:55.745 I/SurfaceFlinger(  923): operator()(), mtkRenderCntDebug 3878, screenshot (com.android.settings/com.android.settings.Settings$DevelopmentSettingsDashboardActivity#0)
08-28 15:50:55.745 I/SurfaceFlinger(  923): operator()(), mtkRenderCntDebug 3878, screenshot (ForceBlack#0)
08-28 15:50:55.745 I/SurfaceFlinger(  923): operator()(), mtkRenderCntDebug 3878, screenshot (com.miui.securitycenter/.FloatingWindow#0)
08-28 15:50:55.947 E/Light   (  898): AmbienteLight: 494.000000
08-28 15:50:56.280 E/Light   (  898): AmbienteLight: 491.000000
08-28 15:50:56.613 E/Light   (  898): AmbienteLight: 493.000000
08-28 15:50:56.710 I/libPerfCtl(  905): xgfGetFPS pid:6153 fps:-1
08-28 15:50:56.947 E/Light   (  898): AmbienteLight: 493.000000
08-28 15:50:56.948 D/AALLightSensor( 1261): oldLux=482 [SA:492 LA:491] newLux=482 (oriLux: 493)
08-28 15:50:57.280 E/Light   (  898): AmbienteLight: 494.000000
08-28 15:50:57.291 D/CarrierConfigLoader( 2168): getConfigForSubIdWithFeature: subscriptionId=7, phoneId=1
08-28 15:50:57.311 D/NetworkController.MobileSignalController(7)( 6153): update5GConnectState: false
08-28 15:50:57.312 D/NetworkController.MobileSignalController(7)( 6153): NotQcom5G, signal level = 5
08-28 15:50:57.613 E/Light   (  898): AmbienteLight: 494.000000
08-28 15:50:57.710 I/libPerfCtl(  905): xgfGetFPS pid:6153 fps:-1
08-28 15:50:57.947 E/Light   (  898): AmbienteLight: 494.000000
08-28 15:50:58.001 D/FiveGDataOptimize( 2168): isAnyCallOngoing callOngoing= false
08-28 15:50:58.012 D/FiveGDataOptimize( 2168): TxRx: 113, Tx: 65, Rx: 47, Hit: 0
08-28 15:50:58.280 E/Light   (  898): AmbienteLight: 495.000000
08-28 15:50:58.613 E/Light   (  898): AmbienteLight: 495.000000
08-28 15:50:58.711 I/libPerfCtl(  905): xgfGetFPS pid:6153 fps:-1
08-28 15:50:58.947 E/Light   (  898): AmbienteLight: 495.000000
08-28 15:50:59.280 E/Light   (  898): AmbienteLight: 495.000000
08-28 15:50:59.613 E/Light   (  898): AmbienteLight: 493.000000
08-28 15:50:59.711 I/libPerfCtl(  905): xgfGetFPS pid:6153 fps:-1
08-28 15:50:59.947 E/Light   (  898): AmbienteLight: 493.000000
08-28 15:51:00.001 D/AlarmManagerService( 1687): inside native alarm timerfd set Alarm Type = 2
08-28 15:51:00.005 D/AlarmManagerService( 1687): inside native alarm timerfd set Alarm Type = 2
08-28 15:51:00.014 D/KeyguardUpdateMonitor( 6153): received broadcast android.intent.action.TIME_TICK
08-28 15:51:00.039 I/BufferQueueProducer(  923): [StatusBar#0](this:0xb40000717dd558d0,id:-1,api:0,p:-1,c:923) queueBuffer: fps=0.23 dur=4302.70 max=4302.70 min=4302.70
08-28 15:51:00.042 I/hwcomposer(  894): [HWCDisplay] [Display_0 (type:1)] fps:0.232414,dur:4302.67,max:4302.67,min:4302.67  
08-28 15:51:00.046 I/SurfaceFlinger(  923): operator()(), mtkRenderCntDebug 3879, screenshot (com.android.settings/com.android.settings.Settings$DevelopmentSettingsDashboardActivity#0)
08-28 15:51:00.047 I/SurfaceFlinger(  923): operator()(), mtkRenderCntDebug 3879, screenshot (ForceBlack#0)
08-28 15:51:00.047 I/SurfaceFlinger(  923): operator()(), mtkRenderCntDebug 3879, screenshot (com.miui.securitycenter/.FloatingWindow#0)
08-28 15:51:00.078 D/KeyguardUpdateMonitor( 6153): handleTimeUpdate
08-28 15:51:00.088 D/CarrierConfigLoader( 2168): getConfigForSubIdWithFeature: subscriptionId=7, phoneId=1
08-28 15:51:00.104 D/NetworkController.MobileSignalController(7)( 6153): update5GConnectState: false
08-28 15:51:00.105 D/NetworkController.MobileSignalController(7)( 6153): NotQcom5G, signal level = 5
08-28 15:51:00.280 E/Light   (  898): AmbienteLight: 490.000000
08-28 15:51:00.613 E/Light   (  898): AmbienteLight: 490.000000
08-28 15:51:00.711 I/libPerfCtl(  905): xgfGetFPS pid:6153 fps:-1
08-28 15:51:00.947 E/Light   (  898): AmbienteLight: 489.000000
08-28 15:51:00.948 D/AALLightSensor( 1261): oldLux=482 [SA:489 LA:489] newLux=482 (oriLux: 489)
08-28 15:51:01.280 E/Light   (  898): AmbienteLight: 491.000000
08-28 15:51:01.613 E/Light   (  898): AmbienteLight: 490.000000
08-28 15:51:01.712 I/libPerfCtl(  905): xgfGetFPS pid:6153 fps:-1
08-28 15:51:01.947 E/Light   (  898): AmbienteLight: 489.000000
08-28 15:51:02.280 E/Light   (  898): AmbienteLight: 487.000000
08-28 15:51:02.568 D/BoundBrokerSvc(32148): onUnbind: Intent { act=com.google.android.gms.presencemanager.service.START dat=chimera-action: cmp=com.google.android.gms/.chimera.PersistentApiService }
08-28 15:51:02.570 W/ProcessStats( 1687): Tracking association SourceState{5535bc1 com.android.systemui/1000 BTopFgs #33199} whose proc state 2 is better than process ProcessState{2b90f66 com.miui.notification:remote/1000 pkg=com.miui.notification} proc state 3 (5 skipped)
08-28 15:51:02.576 D/BoundBrokerSvc(32148): onUnbind: Intent { act=com.google.android.gms.presencemanager.service.INTERNAL_IDENTITY dat=chimera-action: cmp=com.google.android.gms/.chimera.PersistentApiService }
08-28 15:51:02.613 E/Light   (  898): AmbienteLight: 477.000000
08-28 15:51:02.712 I/libPerfCtl(  905): xgfGetFPS pid:6153 fps:-1
08-28 15:51:02.854 D/ccci_mdinit(  926): (1):monitor_time_update_thread round:173 ########
08-28 15:51:02.933 D/CarrierConfigLoader( 2168): getConfigForSubIdWithFeature: subscriptionId=7, phoneId=1
08-28 15:51:02.947 E/Light   (  898): AmbienteLight: 495.000000
08-28 15:51:02.954 D/NetworkController.MobileSignalController(7)( 6153): update5GConnectState: false
08-28 15:51:02.954 D/NetworkController.MobileSignalController(7)( 6153): NotQcom5G, signal level = 5
08-28 15:51:03.018 D/FiveGDataOptimize( 2168): isAnyCallOngoing callOngoing= false
08-28 15:51:03.028 D/FiveGDataOptimize( 2168): TxRx: 0, Tx: 0, Rx: 0, Hit: 0
08-28 15:51:03.280 E/Light   (  898): AmbienteLight: 495.000000
08-28 15:51:03.613 E/Light   (  898): AmbienteLight: 478.000000
08-28 15:51:03.947 E/Light   (  898): AmbienteLight: 464.000000
08-28 15:51:04.280 E/Light   (  898): AmbienteLight: 467.000000
08-28 15:51:04.541 D/TelephonyManager( 1687): requestModemActivityInfo: Sending result to app: ModemActivityInfo{ mTimestamp=4292758 mSleepTimeMs=192558 mIdleTimeMs=1189473 mTxTimeMs[]=[0, 0, 20, 44, 87] mRxTimeMs=141704}
08-28 15:51:04.607 I/BatteryService( 1687): current mPlugType2current mHealthInfo.batteryLevel36current mHealthInfo.batteryTemperature310
08-28 15:51:04.610 D/ThermalIECHandler(10532): storeDataStyle: thermal_iec_monitor_persistence_data_style_iec_state; startIECTime: -1; IECScreenOffOverPeriodTime: 1560523
08-28 15:51:04.612 I/PowerUtils( 3610): getSurfaceTemprature temp: 35
08-28 15:51:04.613 I/PowerSaveService( 3610): onReceive: android.intent.action.BATTERY_CHANGED
08-28 15:51:04.613 D/PowerCheckerService(10532): onBatteryChanged, mBatteryLevel = 36, status = 2, level = 36, plug = 2, scale = 100
08-28 15:51:04.613 E/Light   (  898): AmbienteLight: 472.000000
08-28 15:51:04.614 D/PowerKeeper.Thermal(10532): mBatteryTemperature: 31
08-28 15:51:04.616 I/PowerNoticeUI( 3610): handleBatteryChanged oldPlugType 2 mPlugType 2 oldBatteryLevel 36 mBatteryLevel 36 temperature 310
08-28 15:51:04.617 W/libc    ( 3610): Access denied finding property "persist.vendor.battery.erp"
08-28 15:51:04.617 I/ChargerBatteryIntelligenceReceiver( 3610): onBatteryChanged temperature：31,plugType:2
08-28 15:51:04.916 I/thermal_repeater( 1246): [recvMdThermalInfo] ret=31, strLen=127,  1, 32767,,, 196, 32767, -28524
08-28 15:51:04.947 E/Light   (  898): AmbienteLight: 463.000000
08-28 15:51:04.948 D/AALLightSensor( 1261): oldLux=482 [SA:464 LA:468] newLux=482 (oriLux: 463)
08-28 15:51:05.280 E/Light   (  898): AmbienteLight: 483.000000
08-28 15:51:05.613 E/Light   (  898): AmbienteLight: 494.000000
08-28 15:51:05.947 E/Light   (  898): AmbienteLight: 496.000000
08-28 15:51:06.280 E/Light   (  898): AmbienteLight: 498.000000
08-28 15:51:06.613 E/Light   (  898): AmbienteLight: 500.000000
08-28 15:51:06.947 E/Light   (  898): AmbienteLight: 503.000000
08-28 15:51:07.280 E/Light   (  898): AmbienteLight: 498.000000
08-28 15:51:07.613 E/Light   (  898): AmbienteLight: 500.000000
08-28 15:51:07.947 E/Light   (  898): AmbienteLight: 499.000000
08-28 15:51:08.029 D/FiveGDataOptimize( 2168): isAnyCallOngoing callOngoing= false
08-28 15:51:08.040 D/FiveGDataOptimize( 2168): TxRx: 0, Tx: 0, Rx: 0, Hit: 0
08-28 15:51:08.053 D/CarrierConfigLoader( 2168): getConfigForSubIdWithFeature: subscriptionId=7, phoneId=1
08-28 15:51:08.074 D/NetworkController.MobileSignalController(7)( 6153): update5GConnectState: false
08-28 15:51:08.075 D/NetworkController.MobileSignalController(7)( 6153): NotQcom5G, signal level = 5
08-28 15:51:08.280 E/Light   (  898): AmbienteLight: 499.000000
08-28 15:51:08.295 W/ThreadPoolForeg(32716): type=1400 audit(0.0:4188): avc: denied { write } for name="traced_producer" dev="tmpfs" ino=830 scontext=u:r:gmscore_app:s0:c512,c768 tcontext=u:object_r:traced_producer_socket:s0 tclass=sock_file permissive=0 app=com.google.android.gms
08-28 15:51:08.338 D/BoundBrokerSvc(32148): onUnbind: Intent { act=com.google.android.gms.findmydevice.spot.service.locationreport.START dat=chimera-action: cmp=com.google.android.gms/.chimera.PersistentApiService }
08-28 15:51:08.346 D/BoundBrokerSvc(32716): onUnbind: Intent { act=com.google.android.gms.facs.internal.service.START dat=chimera-action: cmp=com.google.android.gms/.chimera.GmsInternalApiService }
08-28 15:51:08.613 E/Light   (  898): AmbienteLight: 503.000000
08-28 15:51:08.947 E/Light   (  898): AmbienteLight: 504.000000
08-28 15:51:08.948 D/AALLightSensor( 1261): oldLux=482 [SA:503 LA:501] newLux=482 (oriLux: 504)
08-28 15:51:09.280 E/Light   (  898): AmbienteLight: 500.000000
08-28 15:51:09.613 E/Light   (  898): AmbienteLight: 498.000000
08-28 15:51:09.682 W/com.miui.face( 3422): Reducing the number of considered missed Gc histogram windows from 437 to 100
08-28 15:51:09.947 E/Light   (  898): AmbienteLight: 498.000000
08-28 15:51:10.280 E/Light   (  898): AmbienteLight: 500.000000
08-28 15:51:10.613 E/Light   (  898): AmbienteLight: 499.000000
08-28 15:51:10.947 E/Light   (  898): AmbienteLight: 498.000000
08-28 15:51:11.280 E/Light   (  898): AmbienteLight: 498.000000
08-28 15:51:11.613 E/Light   (  898): AmbienteLight: 496.000000
08-28 15:51:11.947 E/Light   (  898): AmbienteLight: 493.000000
08-28 15:51:12.280 E/Light   (  898): AmbienteLight: 494.000000
08-28 15:51:12.613 E/Light   (  898): AmbienteLight: 498.000000
08-28 15:51:12.947 E/Light   (  898): AmbienteLight: 498.000000
08-28 15:51:12.948 D/AALLightSensor( 1261): oldLux=482 [SA:497 LA:496] newLux=482 (oriLux: 498)
08-28 15:51:13.042 D/FiveGDataOptimize( 2168): isAnyCallOngoing callOngoing= false
08-28 15:51:13.052 D/FiveGDataOptimize( 2168): TxRx: 0, Tx: 0, Rx: 0, Hit: 0
08-28 15:51:13.174 D/CarrierConfigLoader( 2168): getConfigForSubIdWithFeature: subscriptionId=7, phoneId=1
08-28 15:51:13.195 D/NetworkController.MobileSignalController(7)( 6153): update5GConnectState: false
08-28 15:51:13.196 D/NetworkController.MobileSignalController(7)( 6153): NotQcom5G, signal level = 5
08-28 15:51:13.280 E/Light   (  898): AmbienteLight: 502.000000
08-28 15:51:13.613 E/Light   (  898): AmbienteLight: 498.000000
08-28 15:51:13.947 E/Light   (  898): AmbienteLight: 498.000000
08-28 15:51:14.280 E/Light   (  898): AmbienteLight: 502.000000
08-28 15:51:14.613 E/Light   (  898): AmbienteLight: 504.000000
08-28 15:51:14.728 I/droid.bluetoot( 4708): Background concurrent copying GC freed 1591KB AllocSpace bytes, 0(0B) LOS objects, 49% free, 2501KB/5002KB, paused 280us,112us total 100.546ms
08-28 15:51:14.728 W/droid.bluetoot( 4708): Reducing the number of considered missed Gc histogram windows from 438 to 100
08-28 15:51:14.938 I/thermal_repeater( 1246): [recvMdThermalInfo] ret=31, strLen=127,  1, 32767,,, 196, 32767, -28524
08-28 15:51:14.947 E/Light   (  898): AmbienteLight: 504.000000
08-28 15:51:15.280 E/Light   (  898): AmbienteLight: 505.000000
08-28 15:51:15.490 D/ProcessState(17889): Binder ioctl to enable oneway spam detection failed: Invalid argument
08-28 15:51:15.494 I/ActivityTaskManager( 1687): START u0 {flg=0x10000000 cmp=com.android.settings/.bootloader.BootloaderStatusActivity} from uid 2000 from pid 17889 callingPackage com.android.shell
08-28 15:51:15.495 W/ActivityTaskManager( 1687): Permission Denial: starting Intent { flg=0x10000000 cmp=com.android.settings/.bootloader.BootloaderStatusActivity } from null (pid=17889, uid=2000) not exported from uid 1000
08-28 15:51:15.607 D/ProcessState(17894): Binder ioctl to enable oneway spam detection failed: Invalid argument
08-28 15:51:15.613 E/Light   (  898): AmbienteLight: 504.000000
08-28 15:51:15.616 D/MessageMonitor( 1687): Dump Looper message took 3ms
08-28 15:51:15.626 D/MessageMonitor( 1687): Dump Looper message took 3ms
08-28 15:51:15.811 W/ThreadPoolForeg(32148): type=1400 audit(0.0:4189): avc: denied { write } for name="traced_producer" dev="tmpfs" ino=830 scontext=u:r:gmscore_app:s0:c512,c768 tcontext=u:object_r:traced_producer_socket:s0 tclass=sock_file permissive=0 app=com.google.android.gms
08-28 15:51:15.947 E/Light   (  898): AmbienteLight: 502.000000
08-28 15:51:16.280 E/Light   (  898): AmbienteLight: 504.000000
08-28 15:51:16.443 W/libc    ( 2125): Access denied finding property "persist.vendor.sss.smartRat.ut"
08-28 15:51:16.443 W/libc    ( 2125): Access denied finding property "persist.vendor.sss.smartRat.looback"
08-28 15:51:16.444 W/libc    ( 2125): Access denied finding property "persist.vendor.sss.smartRat.looback_mode"
08-28 15:51:16.458 D/CarrierConfigLoader( 2168): getConfigForSubIdWithFeature: subscriptionId=7, phoneId=1
08-28 15:51:16.480 D/NetworkController.MobileSignalController(7)( 6153): update5GConnectState: false
08-28 15:51:16.480 D/NetworkController.MobileSignalController(7)( 6153): NotQcom5G, signal level = 5
08-28 15:51:16.507 D/CarrierConfigLoader( 2168): getConfigForSubIdWithFeature: subscriptionId=7, phoneId=1
08-28 15:51:16.613 E/Light   (  898): AmbienteLight: 504.000000
08-28 15:51:16.947 E/Light   (  898): AmbienteLight: 505.000000
08-28 15:51:16.948 D/AALLightSensor( 1261): oldLux=482 [SA:504 LA:503] newLux=482 (oriLux: 505)
08-28 15:51:16.988 D/CarrierConfigLoader( 2168): getConfigForSubIdWithFeature: subscriptionId=7, phoneId=1
08-28 15:51:17.009 D/NetworkController.MobileSignalController(7)( 6153): update5GConnectState: false
08-28 15:51:17.010 D/NetworkController.MobileSignalController(7)( 6153): NotQcom5G, signal level = 5
08-28 15:51:17.280 E/Light   (  898): AmbienteLight: 504.000000
08-28 15:51:17.614 E/Light   (  898): AmbienteLight: 504.000000
08-28 15:51:17.947 E/Light   (  898): AmbienteLight: 502.000000
08-28 15:51:18.058 D/FiveGDataOptimize( 2168): isAnyCallOngoing callOngoing= false
08-28 15:51:18.068 D/FiveGDataOptimize( 2168): TxRx: 0, Tx: 0, Rx: 0, Hit: 0
08-28 15:51:18.280 E/Light   (  898): AmbienteLight: 504.000000
08-28 15:51:18.613 E/Light   (  898): AmbienteLight: 503.000000
08-28 15:51:18.947 E/Light   (  898): AmbienteLight: 504.000000
08-28 15:51:19.280 E/Light   (  898): AmbienteLight: 504.000000
08-28 15:51:19.573 D/CarrierConfigLoader( 2168): getConfigForSubIdWithFeature: subscriptionId=7, phoneId=1
08-28 15:51:19.594 D/NetworkController.MobileSignalController(7)( 6153): update5GConnectState: false
08-28 15:51:19.595 D/NetworkController.MobileSignalController(7)( 6153): NotQcom5G, signal level = 5
08-28 15:51:19.613 E/Light   (  898): AmbienteLight: 504.000000
08-28 15:51:19.687 W/iui.miwallpape( 1962): Reducing the number of considered missed Gc histogram windows from 436 to 100
08-28 15:51:19.947 E/Light   (  898): AmbienteLight: 504.000000
08-28 15:51:20.280 E/Light   (  898): AmbienteLight: 502.000000
08-28 15:51:20.613 E/Light   (  898): AmbienteLight: 498.000000
08-28 15:51:20.947 E/Light   (  898): AmbienteLight: 500.000000
08-28 15:51:20.948 D/AALLightSensor( 1261): oldLux=482 [SA:499 LA:500] newLux=482 (oriLux: 500)
08-28 15:51:21.280 E/Light   (  898): AmbienteLight: 500.000000
08-28 15:51:21.613 E/Light   (  898): AmbienteLight: 502.000000
08-28 15:51:21.947 E/Light   (  898): AmbienteLight: 504.000000
08-28 15:51:22.133 D/CarrierConfigLoader( 2168): getConfigForSubIdWithFeature: subscriptionId=7, phoneId=1
08-28 15:51:22.154 D/NetworkController.MobileSignalController(7)( 6153): update5GConnectState: false
08-28 15:51:22.154 D/NetworkController.MobileSignalController(7)( 6153): NotQcom5G, signal level = 5
08-28 15:51:22.280 E/Light   (  898): AmbienteLight: 504.000000
08-28 15:51:22.613 E/Light   (  898): AmbienteLight: 504.000000
08-28 15:51:22.947 E/Light   (  898): AmbienteLight: 504.000000
08-28 15:51:23.073 D/FiveGDataOptimize( 2168): isAnyCallOngoing callOngoing= false
08-28 15:51:23.083 D/FiveGDataOptimize( 2168): TxRx: 0, Tx: 0, Rx: 0, Hit: 0
08-28 15:51:23.280 E/Light   (  898): AmbienteLight: 504.000000
08-28 15:51:23.423 W/ProcessStats( 1687): Tracking association SourceState{5535bc1 com.android.systemui/1000 BTopFgs #33209} whose proc state 2 is better than process ProcessState{2b90f66 com.miui.notification:remote/1000 pkg=com.miui.notification} proc state 3 (9 skipped)
08-28 15:51:23.531 D/HeapUsage Monitor( 1687): HeapAllocSize : 65MB; monitorSize : 500MB
08-28 15:51:23.531 D/AES     ( 1687): AEEIOCTL_GET/SET_SF_STATE IOCTL,cmd= 1074294797, lParam=0. 
08-28 15:51:23.532 D/AES     ( 1687): AEEIOCTL_RT_MON_Kick IOCTL,cmd= 2147774474, lParam=300. 
08-28 15:51:23.613 E/Light   (  898): AmbienteLight: 504.000000
08-28 15:51:23.947 E/Light   (  898): AmbienteLight: 500.000000
08-28 15:51:24.280 E/Light   (  898): AmbienteLight: 499.000000
08-28 15:51:24.613 E/Light   (  898): AmbienteLight: 500.000000
08-28 15:51:24.694 D/CarrierConfigLoader( 2168): getConfigForSubIdWithFeature: subscriptionId=7, phoneId=1
08-28 15:51:24.711 D/NetworkController.MobileSignalController(7)( 6153): update5GConnectState: false
08-28 15:51:24.711 D/NetworkController.MobileSignalController(7)( 6153): NotQcom5G, signal level = 5
08-28 15:51:24.736 I/fication:remot( 9448): Background concurrent copying GC freed 682KB AllocSpace bytes, 0(0B) LOS objects, 49% free, 2886KB/5773KB, paused 419us,76us total 101.074ms
08-28 15:51:24.736 W/fication:remot( 9448): Reducing the number of considered missed Gc histogram windows from 432 to 100
08-28 15:51:24.947 E/Light   (  898): AmbienteLight: 500.000000
08-28 15:51:24.948 D/AALLightSensor( 1261): oldLux=482 [SA:499 LA:500] newLux=482 (oriLux: 500)
08-28 15:51:24.959 I/thermal_repeater( 1246): [recvMdThermalInfo] ret=31, strLen=127,  1, 32767,,, 196, 32767, -28524
08-28 15:51:25.035 D/power@timer(  905): [mtkPowerTimer] visRead:0
08-28 15:51:25.208 D/BoundBrokerSvc(32148): onUnbind: Intent { act=com.google.android.gms.cast.firstparty.START dat=chimera-action: cmp=com.google.android.gms/.chimera.PersistentApiService }
08-28 15:51:25.280 E/Light   (  898): AmbienteLight: 503.000000
08-28 15:51:25.613 E/Light   (  898): AmbienteLight: 505.000000
08-28 15:51:25.947 E/Light   (  898): AmbienteLight: 499.000000
08-28 15:51:26.280 E/Light   (  898): AmbienteLight: 500.000000
08-28 15:51:26.613 E/Light   (  898): AmbienteLight: 496.000000
08-28 15:51:26.947 E/Light   (  898): AmbienteLight: 494.000000
08-28 15:51:27.280 E/Light   (  898): AmbienteLight: 496.000000
08-28 15:51:27.613 E/Light   (  898): AmbienteLight: 496.000000
08-28 15:51:27.947 E/Light   (  898): AmbienteLight: 502.000000
08-28 15:51:28.089 D/FiveGDataOptimize( 2168): isAnyCallOngoing callOngoing= false
08-28 15:51:28.101 D/FiveGDataOptimize( 2168): TxRx: 0, Tx: 0, Rx: 0, Hit: 0
08-28 15:51:28.280 E/Light   (  898): AmbienteLight: 500.000000
08-28 15:51:28.613 E/Light   (  898): AmbienteLight: 502.000000
08-28 15:51:28.947 E/Light   (  898): AmbienteLight: 500.000000
08-28 15:51:28.948 D/AALLightSensor( 1261): oldLux=482 [SA:500 LA:499] newLux=482 (oriLux: 500)
08-28 15:51:29.280 E/Light   (  898): AmbienteLight: 504.000000
08-28 15:51:29.613 E/Light   (  898): AmbienteLight: 505.000000
08-28 15:51:29.813 D/CarrierConfigLoader( 2168): getConfigForSubIdWithFeature: subscriptionId=7, phoneId=1
08-28 15:51:29.827 D/NetworkController.MobileSignalController(7)( 6153): update5GConnectState: false
08-28 15:51:29.828 D/NetworkController.MobileSignalController(7)( 6153): NotQcom5G, signal level = 5
08-28 15:51:29.946 E/Light   (  898): AmbienteLight: 505.000000
08-28 15:51:30.061 D/AVStageFactory(17899): createInstance(64bit): createVendorAVFactory success!
08-28 15:51:30.061 D/AVStageUtils(17899): createInstance(64bit): createVendorAVUtils success!
08-28 15:51:30.061 D/AVStageFactory(17899): createInstance(64bit): createVendorAVFactory success!
08-28 15:51:30.066 D/ProcessState(17899): Binder ioctl to enable oneway spam detection failed: Invalid argument
08-28 15:51:30.074 I/SurfaceFlinger(  923): operator()(), mtkRenderCntDebug 3880, screenshot (com.android.settings/com.android.settings.Settings$DevelopmentSettingsDashboardActivity#0)
08-28 15:51:30.075 I/SurfaceFlinger(  923): operator()(), mtkRenderCntDebug 3880, screenshot (ForceBlack#0)
08-28 15:51:30.075 I/SurfaceFlinger(  923): operator()(), mtkRenderCntDebug 3880, screenshot (com.miui.securitycenter/.FloatingWindow#0)
08-28 15:51:30.075 I/SurfaceFlinger(  923): operator()(), mtkRenderCntDebug 3880, screenshot (StatusBar#0)
08-28 15:51:30.075 I/SurfaceFlinger(  923): operator()(), mtkRenderCntDebug 3880, screenshot (NavigationBar0#0)
08-28 15:51:30.075 I/SurfaceFlinger(  923): operator()(), mtkRenderCntDebug 3880, screenshot (DockAssistantView#0)
08-28 15:51:30.087 D/hw-ProcessState(17899): Binder ioctl to enable oneway spam detection failed: Invalid argument
08-28 15:51:30.110 E/ion     (17899): ioctl c0044901 failed with code -1: Invalid argument
08-28 15:51:30.280 E/Light   (  898): AmbienteLight: 504.000000
08-28 15:51:30.491 D/RefBase (17899): RefBase: Explicit destruction, weak count = 0 (in 0x79fa3905a8)
08-28 15:51:30.497 D/RefBase (17899): #00 pc 00000000000f04d8  /apex/com.android.runtime/lib64/bionic/libc.so (__cxa_finalize+288)
08-28 15:51:30.497 D/RefBase (17899): #01 pc 00000000000e1808  /apex/com.android.runtime/lib64/bionic/libc.so (exit+24)
08-28 15:51:30.497 D/RefBase (17899): #02 pc 0000000000082184  /apex/com.android.runtime/lib64/bionic/libc.so (__libc_init+100)
08-28 15:51:30.613 E/Light   (  898): AmbienteLight: 504.000000
08-28 15:51:30.947 E/Light   (  898): AmbienteLight: 504.000000
08-28 15:51:31.280 E/Light   (  898): AmbienteLight: 504.000000
08-28 15:51:31.583 W/libc    ( 2125): Access denied finding property "persist.vendor.sss.smartRat.ut"
08-28 15:51:31.584 W/libc    ( 2125): Access denied finding property "persist.vendor.sss.smartRat.looback"
08-28 15:51:31.584 W/libc    ( 2125): Access denied finding property "persist.vendor.sss.smartRat.looback_mode"
08-28 15:51:31.598 D/CarrierConfigLoader( 2168): getConfigForSubIdWithFeature: subscriptionId=7, phoneId=1
08-28 15:51:31.613 E/Light   (  898): AmbienteLight: 507.000000
08-28 15:51:31.619 D/NetworkController.MobileSignalController(7)( 6153): update5GConnectState: false
08-28 15:51:31.620 D/NetworkController.MobileSignalController(7)( 6153): NotQcom5G, signal level = 5
08-28 15:51:31.651 D/CarrierConfigLoader( 2168): getConfigForSubIdWithFeature: subscriptionId=7, phoneId=1
08-28 15:51:31.947 E/Light   (  898): AmbienteLight: 509.000000
08-28 15:51:31.973 I/BufferQueueProducer(  923): [StatusBar#0](this:0xb40000717dd558d0,id:-1,api:0,p:-1,c:923) queueBuffer: fps=0.03 dur=31934.26 max=31934.26 min=31934.26
08-28 15:51:31.976 I/hwcomposer(  894): [HWCDisplay] [Display_0 (type:1)] fps:0.031314,dur:31934.32,max:31934.32,min:31934.32  
08-28 15:51:31.982 I/SurfaceFlinger(  923): operator()(), mtkRenderCntDebug 3881, screenshot (com.android.settings/com.android.settings.Settings$DevelopmentSettingsDashboardActivity#0)
08-28 15:51:31.982 I/SurfaceFlinger(  923): operator()(), mtkRenderCntDebug 3881, screenshot (ForceBlack#0)
08-28 15:51:31.982 I/SurfaceFlinger(  923): operator()(), mtkRenderCntDebug 3881, screenshot (com.miui.securitycenter/.FloatingWindow#0)
08-28 15:51:32.280 E/Light   (  898): AmbienteLight: 513.000000
08-28 15:51:32.613 E/Light   (  898): AmbienteLight: 518.000000
08-28 15:51:32.884 D/ccci_mdinit(  926): (1):monitor_time_update_thread round:174 ########
08-28 15:51:32.947 E/Light   (  898): AmbienteLight: 516.000000
08-28 15:51:32.948 D/AALLightSensor( 1261): oldLux=482 [SA:516 LA:513] newLux=482 (oriLux: 516)
08-28 15:51:32.962 I/libPerfCtl(  905): xgfGetFPS pid:6153 fps:-1
08-28 15:51:32.977 I/SurfaceFlinger(  923): operator()(), mtkRenderCntDebug 3882, screenshot (com.android.settings/com.android.settings.Settings$DevelopmentSettingsDashboardActivity#0)
08-28 15:51:32.977 I/SurfaceFlinger(  923): operator()(), mtkRenderCntDebug 3882, screenshot (ForceBlack#0)
08-28 15:51:32.977 I/SurfaceFlinger(  923): operator()(), mtkRenderCntDebug 3882, screenshot (com.miui.securitycenter/.FloatingWindow#0)
08-28 15:51:33.105 D/FiveGDataOptimize( 2168): isAnyCallOngoing callOngoing= false
08-28 15:51:33.115 D/FiveGDataOptimize( 2168): TxRx: 233, Tx: 164, Rx: 68, Hit: 0
08-28 15:51:33.280 E/Light   (  898): AmbienteLight: 516.000000
08-28 15:51:33.613 E/Light   (  898): AmbienteLight: 512.000000
08-28 15:51:33.947 E/Light   (  898): AmbienteLight: 505.000000
08-28 15:51:33.962 I/libPerfCtl(  905): xgfGetFPS pid:6153 fps:-1
08-28 15:51:33.985 I/BufferQueueProducer(  923): [StatusBar#0](this:0xb40000717dd558d0,id:-1,api:0,p:-1,c:923) queueBuffer: fps=0.99 dur=2011.65 max=1014.89 min=996.77
08-28 15:51:33.988 I/hwcomposer(  894): [HWCDisplay] [Display_0 (type:1)] fps:0.994144,dur:2011.78,max:1015.44,min:996.34  
08-28 15:51:33.993 I/SurfaceFlinger(  923): operator()(), mtkRenderCntDebug 3883, screenshot (com.android.settings/com.android.settings.Settings$DevelopmentSettingsDashboardActivity#0)
08-28 15:51:33.993 I/SurfaceFlinger(  923): operator()(), mtkRenderCntDebug 3883, screenshot (ForceBlack#0)
08-28 15:51:33.993 I/SurfaceFlinger(  923): operator()(), mtkRenderCntDebug 3883, screenshot (com.miui.securitycenter/.FloatingWindow#0)
08-28 15:51:34.157 D/CarrierConfigLoader( 2168): getConfigForSubIdWithFeature: subscriptionId=7, phoneId=1
08-28 15:51:34.174 D/NetworkController.MobileSignalController(7)( 6153): update5GConnectState: false
08-28 15:51:34.175 D/NetworkController.MobileSignalController(7)( 6153): NotQcom5G, signal level = 5
08-28 15:51:34.280 E/Light   (  898): AmbienteLight: 505.000000
08-28 15:51:34.613 E/Light   (  898): AmbienteLight: 516.000000
08-28 15:51:34.932 I/hbox:interacto( 3040): Background concurrent copying GC freed 6013KB AllocSpace bytes, 0(0B) LOS objects, 49% free, 10MB/20MB, paused 227us,55us total 285.412ms
08-28 15:51:34.932 W/hbox:interacto( 3040): Reducing the number of considered missed Gc histogram windows from 438 to 100
08-28 15:51:34.947 E/Light   (  898): AmbienteLight: 517.000000
08-28 15:51:34.962 I/libPerfCtl(  905): xgfGetFPS pid:6153 fps:-1
08-28 15:51:34.972 I/thermal_repeater( 1246): [recvMdThermalInfo] ret=31, strLen=127,  1, 32767,,, 196, 32767, -28524
08-28 15:51:35.118 D/CarrierConfigLoader( 2168): getConfigForSubIdWithFeature: subscriptionId=7, phoneId=1
08-28 15:51:35.133 D/NetworkController.MobileSignalController(7)( 6153): update5GConnectState: false
08-28 15:51:35.133 D/NetworkController.MobileSignalController(7)( 6153): NotQcom5G, signal level = 5
08-28 15:51:35.280 E/Light   (  898): AmbienteLight: 513.000000
08-28 15:51:35.613 E/Light   (  898): AmbienteLight: 508.000000
08-28 15:51:35.947 E/Light   (  898): AmbienteLight: 505.000000
08-28 15:51:35.963 I/libPerfCtl(  905): xgfGetFPS pid:6153 fps:-1
08-28 15:51:36.280 E/Light   (  898): AmbienteLight: 509.000000
08-28 15:51:36.325 D/BoundBrokerSvc(32716): onUnbind: Intent { act=com.google.android.gms.auth.service.START pkg=com.google.android.gms }
08-28 15:51:36.327 W/ProcessStats( 1687): Tracking association SourceState{5535bc1 com.android.systemui/1000 BTopFgs #33215} whose proc state 2 is better than process ProcessState{2b90f66 com.miui.notification:remote/1000 pkg=com.miui.notification} proc state 3 (5 skipped)
08-28 15:51:36.613 E/Light   (  898): AmbienteLight: 516.000000
08-28 15:51:36.947 E/Light   (  898): AmbienteLight: 520.000000
08-28 15:51:36.948 D/AALLightSensor( 1261): oldLux=482 [SA:518 LA:513] newLux=482 (oriLux: 520)
08-28 15:51:36.963 I/libPerfCtl(  905): xgfGetFPS pid:6153 fps:-1
08-28 15:51:37.280 E/Light   (  898): AmbienteLight: 518.000000
08-28 15:51:37.613 E/Light   (  898): AmbienteLight: 517.000000
08-28 15:51:37.678 D/CarrierConfigLoader( 2168): getConfigForSubIdWithFeature: subscriptionId=7, phoneId=1
08-28 15:51:37.698 D/NetworkController.MobileSignalController(7)( 6153): update5GConnectState: false
08-28 15:51:37.698 D/NetworkController.MobileSignalController(7)( 6153): NotQcom5G, signal level = 5
08-28 15:51:37.947 E/Light   (  898): AmbienteLight: 516.000000
08-28 15:51:37.963 I/libPerfCtl(  905): xgfGetFPS pid:6153 fps:-1
08-28 15:51:38.121 D/FiveGDataOptimize( 2168): isAnyCallOngoing callOngoing= false
08-28 15:51:38.132 D/FiveGDataOptimize( 2168): TxRx: 0, Tx: 0, Rx: 0, Hit: 0
08-28 15:51:38.280 E/Light   (  898): AmbienteLight: 516.000000
08-28 15:51:38.327 W/ThreadPoolForeg(32716): type=1400 audit(0.0:4190): avc: denied { write } for name="traced_producer" dev="tmpfs" ino=830 scontext=u:r:gmscore_app:s0:c512,c768 tcontext=u:object_r:traced_producer_socket:s0 tclass=sock_file permissive=0 app=com.google.android.gms
08-28 15:51:38.613 E/Light   (  898): AmbienteLight: 517.000000
08-28 15:51:38.947 E/Light   (  898): AmbienteLight: 518.000000
08-28 15:51:38.964 I/libPerfCtl(  905): xgfGetFPS pid:6153 fps:-1
08-28 15:51:38.964 D/CarrierConfigLoader( 2168): getConfigForSubIdWithFeature: subscriptionId=7, phoneId=1
08-28 15:51:38.985 D/NetworkController.MobileSignalController(7)( 6153): update5GConnectState: false
08-28 15:51:38.985 D/NetworkController.MobileSignalController(7)( 6153): NotQcom5G, signal level = 5
08-28 15:51:39.280 E/Light   (  898): AmbienteLight: 518.000000
08-28 15:51:39.418 D/CarrierConfigLoader( 2168): getConfigForSubIdWithFeature: subscriptionId=7, phoneId=1
08-28 15:51:39.438 D/NetworkController.MobileSignalController(7)( 6153): update5GConnectState: false
08-28 15:51:39.439 D/NetworkController.MobileSignalController(7)( 6153): NotQcom5G, signal level = 5
08-28 15:51:39.613 E/Light   (  898): AmbienteLight: 515.000000
08-28 15:51:39.947 E/Light   (  898): AmbienteLight: 516.000000
08-28 15:51:39.965 I/libPerfCtl(  905): xgfGetFPS pid:6153 fps:-1
08-28 15:51:39.971 I/s.messaging:rc( 3065): Background concurrent copying GC freed 8277KB AllocSpace bytes, 4(208KB) LOS objects, 49% free, 12MB/25MB, paused 117us,62us total 318.810ms
08-28 15:51:39.971 W/s.messaging:rc( 3065): Reducing the number of considered missed Gc histogram windows from 257 to 100
08-28 15:51:40.049 D/CarrierConfigLoader( 2168): getConfigForSubIdWithFeature: subscriptionId=7, phoneId=1
08-28 15:51:40.063 D/NetworkController.MobileSignalController(7)( 6153): update5GConnectState: false
08-28 15:51:40.064 D/NetworkController.MobileSignalController(7)( 6153): NotQcom5G, signal level = 5
08-28 15:51:40.280 E/Light   (  898): AmbienteLight: 518.000000
08-28 15:51:40.414 W/libc    ( 2125): Access denied finding property "persist.vendor.sss.smartRat.ut"
08-28 15:51:40.414 W/libc    ( 2125): Access denied finding property "persist.vendor.sss.smartRat.looback"
08-28 15:51:40.414 W/libc    ( 2125): Access denied finding property "persist.vendor.sss.smartRat.looback_mode"
08-28 15:51:40.479 D/CarrierConfigLoader( 2168): getConfigForSubIdWithFeature: subscriptionId=7, phoneId=1
08-28 15:51:40.613 E/Light   (  898): AmbienteLight: 520.000000
08-28 15:51:40.947 E/Light   (  898): AmbienteLight: 517.000000
08-28 15:51:40.948 D/AALLightSensor( 1261): oldLux=482 [SA:517 LA:517] newLux=482 (oriLux: 517)
08-28 15:51:40.965 I/libPerfCtl(  905): xgfGetFPS pid:6153 fps:-1
08-28 15:51:41.032 I/BufferQueueProducer(  923): [StatusBar#0](this:0xb40000717dd558d0,id:-1,api:0,p:-1,c:923) queueBuffer: fps=0.14 dur=7046.79 max=7046.79 min=7046.79
08-28 15:51:41.035 I/hwcomposer(  894): [HWCDisplay] [Display_0 (type:1)] fps:0.141912,dur:7046.64,max:7046.64,min:7046.64  
08-28 15:51:41.040 I/SurfaceFlinger(  923): operator()(), mtkRenderCntDebug 3884, screenshot (com.android.settings/com.android.settings.Settings$DevelopmentSettingsDashboardActivity#0)
08-28 15:51:41.040 I/SurfaceFlinger(  923): operator()(), mtkRenderCntDebug 3884, screenshot (ForceBlack#0)
08-28 15:51:41.040 I/SurfaceFlinger(  923): operator()(), mtkRenderCntDebug 3884, screenshot (com.miui.securitycenter/.FloatingWindow#0)
08-28 15:51:41.076 D/BoundBrokerSvc(32716): onUnbind: Intent { act=com.google.android.gms.people.contactssync.service.START dat=chimera-action: cmp=com.google.android.gms/.chimera.GmsBoundBrokerService }
08-28 15:51:41.280 E/Light   (  898): AmbienteLight: 516.000000
08-28 15:51:41.517 D/CarrierConfigLoader( 2168): getConfigForSubIdWithFeature: subscriptionId=7, phoneId=1
08-28 15:51:41.538 D/NetworkController.MobileSignalController(7)( 6153): update5GConnectState: false
08-28 15:51:41.539 D/NetworkController.MobileSignalController(7)( 6153): NotQcom5G, signal level = 5
08-28 15:51:41.613 E/Light   (  898): AmbienteLight: 517.000000
08-28 15:51:41.947 E/Light   (  898): AmbienteLight: 517.000000
08-28 15:51:42.041 I/BufferQueueProducer(  923): [StatusBar#0](this:0xb40000717dd558d0,id:-1,api:0,p:-1,c:923) queueBuffer: fps=0.99 dur=1009.72 max=1009.72 min=1009.72
08-28 15:51:42.043 I/hwcomposer(  894): [HWCDisplay] [Display_0 (type:1)] fps:0.991266,dur:1008.81,max:1008.81,min:1008.81  
08-28 15:51:42.048 I/SurfaceFlinger(  923): operator()(), mtkRenderCntDebug 3885, screenshot (com.android.settings/com.android.settings.Settings$DevelopmentSettingsDashboardActivity#0)
08-28 15:51:42.049 I/SurfaceFlinger(  923): operator()(), mtkRenderCntDebug 3885, screenshot (ForceBlack#0)
08-28 15:51:42.049 I/SurfaceFlinger(  923): operator()(), mtkRenderCntDebug 3885, screenshot (com.miui.securitycenter/.FloatingWindow#0)
08-28 15:51:42.280 E/Light   (  898): AmbienteLight: 520.000000
08-28 15:51:42.613 E/Light   (  898): AmbienteLight: 518.000000
08-28 15:51:42.728 D/AlarmManagerService( 1687): inside native alarm timerfd set Alarm Type = 2
08-28 15:51:42.729 D/AlarmManagerService( 1687): inside native alarm timerfd set Alarm Type = 3
08-28 15:51:42.947 E/Light   (  898): AmbienteLight: 517.000000
08-28 15:51:43.040 I/libPerfCtl(  905): xgfGetFPS pid:6153 fps:-1
08-28 15:51:43.137 D/FiveGDataOptimize( 2168): isAnyCallOngoing callOngoing= false
08-28 15:51:43.147 D/FiveGDataOptimize( 2168): TxRx: 72, Tx: 36, Rx: 36, Hit: 0
08-28 15:51:43.280 E/Light   (  898): AmbienteLight: 516.000000
08-28 15:51:43.613 E/Light   (  898): AmbienteLight: 516.000000
08-28 15:51:43.947 E/Light   (  898): AmbienteLight: 515.000000
08-28 15:51:44.040 I/libPerfCtl(  905): xgfGetFPS pid:6153 fps:-1
08-28 15:51:44.176 D/CarrierConfigLoader( 2168): getConfigForSubIdWithFeature: subscriptionId=7, phoneId=1
08-28 15:51:44.197 D/NetworkController.MobileSignalController(7)( 6153): update5GConnectState: false
08-28 15:51:44.197 D/NetworkController.MobileSignalController(7)( 6153): NotQcom5G, signal level = 5
08-28 15:51:44.280 E/Light   (  898): AmbienteLight: 515.000000
08-28 15:51:44.613 E/Light   (  898): AmbienteLight: 512.000000
08-28 15:51:44.947 E/Light   (  898): AmbienteLight: 512.000000
08-28 15:51:44.948 D/AALLightSensor( 1261): oldLux=482 [SA:512 LA:512] newLux=482 (oriLux: 512)
08-28 15:51:44.960 E/equs    ( 3040): (REDACTED) Trace %s timed out after %d ms. Complete trace: %s
08-28 15:51:44.960 E/equs    ( 3040): eqwc: 
08-28 15:51:44.960 E/equs    ( 3040): 	at tk_trace.TimedProcessReaper#scheduleReap()(Started After:0)
08-28 15:51:44.964 E/equs    ( 3040): (REDACTED) Trace %s timed out after %d ms. Complete trace: %s
08-28 15:51:44.964 E/equs    ( 3040): eqwc: 
08-28 15:51:44.964 E/equs    ( 3040): 	at tk_trace.RxThreadPoolStartupListener(Started After:2)
08-28 15:51:44.964 E/equs    ( 3040): 	at tk_trace.Startup Listeners(Started After:1)
08-28 15:51:44.964 E/equs    ( 3040): 	at tk_trace.Application.onCreate(Started After:1)
08-28 15:51:44.964 E/equs    ( 3040): 	at tk_trace.Application creation(Started After:0)
08-28 15:51:44.970 E/equs    ( 3040): (REDACTED) Trace %s timed out after %d ms. Complete trace: %s
08-28 15:51:44.970 E/equs    ( 3040): eqwc: 
08-28 15:51:44.970 E/equs    ( 3040): 	at tk_trace.java.com.google.android.apps.search.assistant.surfaces.voice.robin.eligibility.EligibilityService/GetEligibility(Started After:45)
08-28 15:51:44.970 E/equs    ( 3040): 	at tk_trace.VoiceAssistantPinnedClient#onCreate(Started After:1)
08-28 15:51:44.970 E/equs    ( 3040): 	at tk_trace.PropagatingContext(Started After:0)
08-28 15:51:44.970 E/equs    ( 3040): 	at tk_trace.VoiceInteractionServiceLifecycleCallbacks#onReady(Started After:0)
08-28 15:51:44.970 E/equs    ( 3040): 	at tk_trace.ApaVoiceInteractionService#onReady(Started After:0)
08-28 15:51:44.970 E/equs    ( 3040): 	Suppressed: eqwb: 
08-28 15:51:44.970 E/equs    ( 3040): 		at tk_trace.java.com.google.android.libraries.search.assistant.invocation.invocationstate.InvocationStateServiceObserve(unfinished)(Unknown Source:0)
08-28 15:51:44.970 E/equs    ( 3040): 		at tk_trace.VoiceAssistantPinnedClientonCreate 1836 ms(Unknown Source:0)
08-28 15:51:44.970 E/equs    ( 3040): 		at tk_trace.PropagatingContext 2851 ms(Unknown Source:0)
08-28 15:51:44.970 E/equs    ( 3040): 		at tk_trace.VoiceInteractionServiceLifecycleCallbacksonReady 474 ms(Unknown Source:0)
08-28 15:51:44.970 E/equs    ( 3040): 		at tk_trace.ApaVoiceInteractionServiceonReady 0 ms(Unknown Source:0)
08-28 15:51:44.970 E/equs    ( 3040): 	Suppressed: eqwb: 
08-28 15:51:44.970 E/equs    ( 3040): 		at tk_trace.HDM_NO_OP(unfinished)(Unknown Source:0)
08-28 15:51:44.970 E/equs    ( 3040): 		at tk_trace.initialize 7240 ms(Unknown Source:0)
08-28 15:51:44.970 E/equs    ( 3040): 		at tk_trace.VoiceInteractionServiceLifecycleCallbacksonReady 474 ms(Unknown Source:0)
08-28 15:51:44.970 E/equs    ( 3040): 		at tk_trace.ApaVoiceInteractionServiceonReady 0 ms(Unknown Source:0)
08-28 15:51:44.970 E/equs    ( 3040): 	Suppressed: eqwb: 
08-28 15:51:44.970 E/equs    ( 3040): 		at tk_trace.HDM_GOT_THE_NEXT_HOTWORD_ACTION(unfinished)(Unknown Source:0)
08-28 15:51:44.970 E/equs    ( 3040): 		at tk_trace.initialize 7240 ms(Unknown Source:0)
08-28 15:51:44.970 E/equs    ( 3040): 		at tk_trace.VoiceInteractionServiceLifecycleCallbacksonReady 474 ms(Unknown Source:0)
08-28 15:51:44.970 E/equs    ( 3040): 		at tk_trace.ApaVoiceInteractionServiceonReady 0 ms(Unknown Source:0)
08-28 15:51:44.970 E/equs    ( 3040): 	Suppressed: eqwb: 
08-28 15:51:44.970 E/equs    ( 3040): 		at tk_trace.HDM_HOTWORD_NOT_RUNNING(unfinished)(Unknown Source:0)
08-28 15:51:44.970 E/equs    ( 3040): 		at tk_trace.initialize 7240 ms(Unknown Source:0)
08-28 15:51:44.970 E/equs    ( 3040): 		at tk_trace.VoiceInteractionServiceLifecycleCallbacksonReady 474 ms(Unknown Source:0)
08-28 15:51:44.970 E/equs    ( 3040): 		at tk_trace.ApaVoiceInteractionServiceonReady 0 ms(Unknown Source:0)
08-28 15:51:44.970 E/equs    ( 3040): 	Suppressed: eqwb: 
08-28 15:51:44.970 E/equs    ( 3040): 		at tk_trace.HDM_DSP_AVAILABLE_ALLOWLIST_FALLBACK_USED(unfinished)(Unknown Source:0)
08-28 15:51:44.970 E/equs    ( 3040): 		at tk_trace.initialize 7240 ms(Unknown Source:0)
08-28 15:51:44.970 E/equs    ( 3040): 		at tk_trace.VoiceInteractionServiceLifecycleCallbacksonReady 474 ms(Unknown Source:0)
08-28 15:51:44.970 E/equs    ( 3040): 		at tk_trace.ApaVoiceInteractionServiceonReady 0 ms(Unknown Source:0)
08-28 15:51:44.970 E/equs    ( 3040): 	Suppressed: eqwb: 
08-28 15:51:44.970 E/equs    ( 3040): 		at tk_trace.HDM_HOTWORD_INFORMATION_FETCHED(unfinished)(Unknown Source:0)
08-28 15:51:44.970 E/equs    ( 3040): 		at tk_trace.initialize 7240 ms(Unknown Source:0)
08-28 15:51:44.970 E/equs    ( 3040): 		at tk_trace.VoiceInteractionServiceLifecycleCallbacksonReady 474 ms(Unknown Source:0)
08-28 15:51:44.970 E/equs    ( 3040): 		at tk_trace.ApaVoiceInteractionServiceonReady 0 ms(Unknown Source:0)
08-28 15:51:44.970 E/equs    ( 3040): 	Suppressed: eqwb: 
08-28 15:51:44.970 E/equs    ( 3040): 		at tk_trace.HDM_START_GETTING_HOTWORD_INFORMATION(unfinished)(Unknown Source:0)
08-28 15:51:44.970 E/equs    ( 3040): 		at tk_trace.initialize 7240 ms(Unknown Source:0)
08-28 15:51:44.970 E/equs    ( 3040): 		at tk_trace.VoiceInteractionServiceLifecycleCallbacksonReady 474 ms(Unknown Source:0)
08-28 15:51:44.970 E/equs    ( 3040): 		at tk_trace.ApaVoiceInteractionServiceonReady 0 ms(Unknown Source:0)
08-28 15:51:44.970 E/equs    ( 3040): 	Suppressed: eqwb: 
08-28 15:51:44.970 E/equs    ( 3040): 		at tk_trace.HDM_INTERNAL_SPEECH_CONFIG_FETCHED(unfinished)(Unknown Source:0)
08-28 15:51:44.970 E/equs    ( 3040): 		at tk_trace.initialize 7240 ms(Unknown Source:0)
08-28 15:51:44.970 E/equs    ( 3040): 		at tk_trace.VoiceInteractionServiceLifecycleCallbacksonReady 474 ms(Unknown Source:0)
08-28 15:51:44.970 E/equs    ( 3040): 		at tk_trace.ApaVoiceInteractionServiceonReady 0 ms(Unknown Source:0)
08-28 15:51:44.970 E/equs    ( 3040): 	Suppressed: eqwb: 
08-28 15:51:44.970 E/equs    ( 3040): 		at tk_trace.HDM_START_GETTING_INTERNAL_SPEECH_CONFIG(unfinished)(Unknown Source:0)
08-28 15:51:44.970 E/equs    ( 3040): 		at tk_trace.initialize 7240 ms(Unknown Source:0)
08-28 15:51:44.970 E/equs    ( 3040): 		at tk_trace.VoiceInteractionServiceLifecycleCallbacksonReady 474 ms(Unknown Source:0)
08-28 15:51:44.970 E/equs    ( 3040): 		at tk_trace.ApaVoiceInteractionServiceonReady 0 ms(Unknown Source:0)
08-28 15:51:44.970 E/equs    ( 3040): 	Suppressed: eqwb: 
08-28 15:51:44.970 E/equs    ( 3040): 		at tk_trace.HDM_START_HANDLING_INITIALIZE_REQUEST(unfinished)(Unknown Source:0)
08-28 15:51:44.970 E/equs    ( 3040): 		at tk_trace.initialize 7240 ms(Unknown Source:0)
08-28 15:51:44.970 E/equs    ( 3040): 		at tk_trace.VoiceInteractionServiceLifecycleCallbacksonReady 474 ms(Unknown Source:0)
08-28 15:51:44.970 E/equs    ( 3040): 		at tk_trace.ApaVoiceInteractionServiceonReady 0 ms(Unknown Source:0)
08-28 15:51:44.970 E/equs    ( 3040): 	Suppressed: eqwb: 
08-28 15:51:44.970 E/equs    ( 3040): 		at tk_trace.Suppressed exceptions exceeds the limit 10, additional unfinished spans will not be reported(Unknown Source:0)
08-28 15:51:44.986 I/thermal_repeater( 1246): [recvMdThermalInfo] ret=31, strLen=127,  1, 32767,,, 196, 32767, -28524
08-28 15:51:45.040 I/libPerfCtl(  905): xgfGetFPS pid:6153 fps:-1
08-28 15:51:45.063 I/BufferQueueProducer(  923): [StatusBar#0](this:0xb40000717dd558d0,id:-1,api:0,p:-1,c:923) queueBuffer: fps=0.33 dur=3021.47 max=3021.47 min=3021.47
08-28 15:51:45.065 I/hwcomposer(  894): [HWCDisplay] [Display_0 (type:1)] fps:0.330988,dur:3021.26,max:3021.26,min:3021.26  
08-28 15:51:45.068 I/SurfaceFlinger(  923): operator()(), mtkRenderCntDebug 3886, screenshot (com.android.settings/com.android.settings.Settings$DevelopmentSettingsDashboardActivity#0)
08-28 15:51:45.068 I/SurfaceFlinger(  923): operator()(), mtkRenderCntDebug 3886, screenshot (ForceBlack#0)
08-28 15:51:45.068 I/SurfaceFlinger(  923): operator()(), mtkRenderCntDebug 3886, screenshot (com.miui.securitycenter/.FloatingWindow#0)
08-28 15:51:45.280 E/Light   (  898): AmbienteLight: 512.000000
08-28 15:51:45.613 E/Light   (  898): AmbienteLight: 511.000000
08-28 15:51:45.839 W/ThreadPoolForeg(32148): type=1400 audit(0.0:4191): avc: denied { write } for name="traced_producer" dev="tmpfs" ino=830 scontext=u:r:gmscore_app:s0:c512,c768 tcontext=u:object_r:traced_producer_socket:s0 tclass=sock_file permissive=0 app=com.google.android.gms
08-28 15:51:45.947 E/Light   (  898): AmbienteLight: 505.000000
08-28 15:51:46.041 I/libPerfCtl(  905): xgfGetFPS pid:6153 fps:-1
08-28 15:51:46.094 I/BufferQueueProducer(  923): [StatusBar#0](this:0xb40000717dd558d0,id:-1,api:0,p:-1,c:923) queueBuffer: fps=0.97 dur=1030.99 max=1030.99 min=1030.99
08-28 15:51:46.097 I/hwcomposer(  894): [HWCDisplay] [Display_0 (type:1)] fps:0.968892,dur:1032.11,max:1032.11,min:1032.11  
08-28 15:51:46.102 I/SurfaceFlinger(  923): operator()(), mtkRenderCntDebug 3887, screenshot (com.android.settings/com.android.settings.Settings$DevelopmentSettingsDashboardActivity#0)
08-28 15:51:46.102 I/SurfaceFlinger(  923): operator()(), mtkRenderCntDebug 3887, screenshot (ForceBlack#0)
08-28 15:51:46.102 I/SurfaceFlinger(  923): operator()(), mtkRenderCntDebug 3887, screenshot (com.miui.securitycenter/.FloatingWindow#0)
08-28 15:51:46.280 E/Light   (  898): AmbienteLight: 504.000000
08-28 15:51:46.613 E/Light   (  898): AmbienteLight: 504.000000
08-28 15:51:46.736 D/CarrierConfigLoader( 2168): getConfigForSubIdWithFeature: subscriptionId=7, phoneId=1
08-28 15:51:46.756 D/NetworkController.MobileSignalController(7)( 6153): update5GConnectState: false
08-28 15:51:46.757 D/NetworkController.MobileSignalController(7)( 6153): NotQcom5G, signal level = 5
08-28 15:51:46.947 E/Light   (  898): AmbienteLight: 503.000000
08-28 15:51:47.041 I/libPerfCtl(  905): xgfGetFPS pid:6153 fps:-1
08-28 15:51:47.280 E/Light   (  898): AmbienteLight: 504.000000
08-28 15:51:47.613 E/Light   (  898): AmbienteLight: 504.000000
08-28 15:51:47.790 I/SharingClientImpl(32716): client com.google.android.gms disconnecting
08-28 15:51:47.805 I/NearbySharing(32148): Package com.google.android.gms has requested to unsuspend Quick Share
08-28 15:51:47.809 E/SharingClientImpl(32716): Unsuspend failed: null
08-28 15:51:47.947 E/Light   (  898): AmbienteLight: 504.000000
08-28 15:51:48.041 I/libPerfCtl(  905): xgfGetFPS pid:6153 fps:-1
08-28 15:51:48.151 D/FiveGDataOptimize( 2168): isAnyCallOngoing callOngoing= false
08-28 15:51:48.162 D/FiveGDataOptimize( 2168): TxRx: 38, Tx: 19, Rx: 19, Hit: 0
08-28 15:51:48.280 E/Light   (  898): AmbienteLight: 505.000000
08-28 15:51:48.613 E/Light   (  898): AmbienteLight: 505.000000
08-28 15:51:48.619 D/CarrierConfigLoader( 2168): getConfigForSubIdWithFeature: subscriptionId=7, phoneId=1
08-28 15:51:48.639 D/NetworkController.MobileSignalController(7)( 6153): update5GConnectState: false
08-28 15:51:48.640 D/NetworkController.MobileSignalController(7)( 6153): NotQcom5G, signal level = 5
08-28 15:51:48.947 E/Light   (  898): AmbienteLight: 504.000000
08-28 15:51:48.948 D/AALLightSensor( 1261): oldLux=482 [SA:504 LA:504] newLux=482 (oriLux: 504)
08-28 15:51:49.042 I/libPerfCtl(  905): xgfGetFPS pid:6153 fps:-1
08-28 15:51:49.280 E/Light   (  898): AmbienteLight: 505.000000
08-28 15:51:49.613 E/Light   (  898): AmbienteLight: 507.000000
08-28 15:51:49.947 E/Light   (  898): AmbienteLight: 505.000000
08-28 15:51:50.042 I/libPerfCtl(  905): xgfGetFPS pid:6153 fps:-1
08-28 15:51:50.280 E/Light   (  898): AmbienteLight: 503.000000
08-28 15:51:50.525 D/MIUIInput( 1687): [MotionEvent] publisher action=0x4, 4520613, channel 'd2a2f6b DockAssistantView (server)'
08-28 15:51:50.525 D/MIUIInput( 1687): [MotionEvent] publisher action=0x4, 4520613, channel '9b5a481 NavigationBar0 (server)'
08-28 15:51:50.525 D/MIUIInput( 1687): [MotionEvent] publisher action=0x0, 4520613, channel '9352ecf com.android.settings/com.android.settings.Settings$DevelopmentSettingsDashboardActivity (server)'
08-28 15:51:50.526 I/SidebarCoverView(18032): onTouch : 4
08-28 15:51:50.527 I/DockFeature(18032): isSupportDock: isSupportFreeform=true	isPhone=true	isAboveMiui125=true	isSupportDock=true	isDevBuild=false
08-28 15:51:50.529 I/libPowerHal(  905): [perfLockAcq] idx:0 hdl:1600 hint:0 pid:905 duration:80 lock_user:mtkpower@1.0-se => ret_hdl:1600
08-28 15:51:50.529 I/libPowerHal(  905): INTERACTION: set gpu opp level: 0
08-28 15:51:50.530 I/libPowerHal(  905): INTERACTION: set gpu opp level max: 0
08-28 15:51:50.531 I/libPowerHal(  905): INTERACTION: cpu_ctrl set cpu freq: 1800000 -1 2000000 -1
08-28 15:51:50.531 D/SidebarTouchListener(18032): onTouch: 	action = 4	isLeftShow = true
08-28 15:51:50.531 I/libPowerHal(  905): [perfLockAcq] idx:1 hdl:1601 hint:0 pid:905 duration:80 lock_user:mtkpower@1.0-se => ret_hdl:1601
08-28 15:51:50.532 I/libPowerHal(  905): INTERACTION: set gpu opp level max: 0
08-28 15:51:50.548 I/mtkpower_client( 1687): perf_lock_acq, hdl:1592, dur:2000, num:8, tid:1704
08-28 15:51:50.549 I/mtkpower_client( 1687): ret_hdl:1602
08-28 15:51:50.549 I/libPowerHal(  905): [perfLockAcq] idx:2 hdl:1602 hint:-1 pid:1687 duration:2000 lock_user:system_server => ret_hdl:1602
08-28 15:51:50.549 I/libPowerHal(  905): system_server: set gpu opp level max: 0
08-28 15:51:50.550 I/libPowerHal(  905): [PE] system_server update cmd:1000000, param:0
08-28 15:51:50.550 I/BufferQueueProducer(  923): [com.android.settings/com.android.settings.Settings$DevelopmentSettingsDashboardActivity#0](this:0xb40000717d6d18d0,id:-1,api:0,p:-1,c:923) queueBuffer: fps=0.19 dur=154276.87 max=153545.31 min=16.34
08-28 15:51:50.550 I/libPowerHal(  905): [PE] system_server update cmd:1000000 param:0
08-28 15:51:50.551 I/hwcomposer(  894): [HWCDisplay] [Display_0 (type:1)] fps:0.224523,dur:4453.89,max:4453.89,min:4453.89  
08-28 15:51:50.552 I/SurfaceFlinger(  923): operator()(), mtkRenderCntDebug 3888, screenshot (com.android.settings/com.android.settings.Settings$DevelopmentSettingsDashboardActivity#0)
08-28 15:51:50.553 I/SurfaceFlinger(  923): operator()(), mtkRenderCntDebug 3888, screenshot (ForceBlack#0)
08-28 15:51:50.553 I/SurfaceFlinger(  923): operator()(), mtkRenderCntDebug 3888, screenshot (com.miui.securitycenter/.FloatingWindow#0)
08-28 15:51:50.611 I/mtkpower@impl(  905): [powerd_req] TIMER_MSG_PERF_LOCK_TIMEOUT hdl:1600
08-28 15:51:50.611 I/libPowerHal(  905): [perfLockRel] hdl:1600, idx:0
08-28 15:51:50.612 I/mtkpower@impl(  905): [powerd_req] TIMER_MSG_PERF_LOCK_TIMEOUT hdl:1601
08-28 15:51:50.612 I/libPowerHal(  905): [perfLockRel] hdl:1601, idx:1
08-28 15:51:50.613 E/Light   (  898): AmbienteLight: 498.000000
08-28 15:51:50.631 I/libPowerHal(  905): [perfLockAcq] idx:0 hdl:1603 hint:0 pid:905 duration:80 lock_user:mtkpower@1.0-se => ret_hdl:1603
08-28 15:51:50.631 I/libPowerHal(  905): INTERACTION: set gpu opp level max: 0
08-28 15:51:50.632 I/libPowerHal(  905): [perfLockAcq] idx:1 hdl:1604 hint:0 pid:905 duration:80 lock_user:mtkpower@1.0-se => ret_hdl:1604
08-28 15:51:50.632 I/libPowerHal(  905): INTERACTION: set gpu opp level max: 0
08-28 15:51:50.653 I/SurfaceFlinger(  923): operator()(), mtkRenderCntDebug 3889, screenshot (com.android.settings/com.android.settings.Settings$DevelopmentSettingsDashboardActivity#0)
08-28 15:51:50.653 I/SurfaceFlinger(  923): operator()(), mtkRenderCntDebug 3889, screenshot (ForceBlack#0)
08-28 15:51:50.653 I/SurfaceFlinger(  923): operator()(), mtkRenderCntDebug 3889, screenshot (com.miui.securitycenter/.FloatingWindow#0)
08-28 15:51:50.655 D/MIUIInput( 1687): [MotionEvent] publisher action=0x1, 4520745, channel '9352ecf com.android.settings/com.android.settings.Settings$DevelopmentSettingsDashboardActivity (server)'
08-28 15:51:50.656 I/mtkpower_client( 1687): perf_lock_acq, hdl:1595, dur:2524, num:8, tid:1704
08-28 15:51:50.657 I/mtkpower_client( 1687): ret_hdl:1605
08-28 15:51:50.657 I/libPowerHal(  905): [perfLockAcq] idx:3 hdl:1605 hint:-1 pid:1687 duration:2524 lock_user:system_server => ret_hdl:1605
08-28 15:51:50.657 I/libPowerHal(  905): system_server: set gpu opp level max: 0
08-28 15:51:50.657 I/mtkpower_client( 1687): perf_lock_rel, hdl:1602, tid:1704
08-28 15:51:50.658 I/libPowerHal(  905): [perfLockRel] hdl:1602, idx:2
08-28 15:51:50.709 D/AAL     ( 1261): 08-28 03:51:50.660 BL= 505,ESS= 256, 08-28 03:51:50.694 BL= 506,ESS= 256, 
08-28 15:51:50.712 I/mtkpower@impl(  905): [powerd_req] TIMER_MSG_PERF_LOCK_TIMEOUT hdl:1603
08-28 15:51:50.712 I/libPowerHal(  905): [perfLockRel] hdl:1603, idx:0
08-28 15:51:50.712 I/mtkpower@impl(  905): [powerd_req] TIMER_MSG_PERF_LOCK_TIMEOUT hdl:1604
08-28 15:51:50.712 I/libPowerHal(  905): [perfLockRel] hdl:1604, idx:1
08-28 15:51:50.753 I/SurfaceFlinger(  923): operator()(), mtkRenderCntDebug 3890, screenshot (com.android.settings/com.android.settings.Settings$DevelopmentSettingsDashboardActivity#0)
08-28 15:51:50.753 I/SurfaceFlinger(  923): operator()(), mtkRenderCntDebug 3890, screenshot (ForceBlack#0)
08-28 15:51:50.753 I/SurfaceFlinger(  923): operator()(), mtkRenderCntDebug 3890, screenshot (com.miui.securitycenter/.FloatingWindow#0)
08-28 15:51:50.853 I/SurfaceFlinger(  923): operator()(), mtkRenderCntDebug 3891, screenshot (com.android.settings/com.android.settings.Settings$DevelopmentSettingsDashboardActivity#0)
08-28 15:51:50.853 I/SurfaceFlinger(  923): operator()(), mtkRenderCntDebug 3891, screenshot (ForceBlack#0)
08-28 15:51:50.853 I/SurfaceFlinger(  923): operator()(), mtkRenderCntDebug 3891, screenshot (com.miui.securitycenter/.FloatingWindow#0)
08-28 15:51:50.893 D/AAL     ( 1261): 08-28 03:51:50.727 BL= 505,ESS= 256, 08-28 03:51:50.743 BL= 504,ESS= 256, 08-28 03:51:50.810 BL= 505,ESS= 256, 08-28 03:51:50.843 BL= 506,ESS= 256, 08-28 03:51:50.893 BL= 507,ESS= 256, 
08-28 15:51:50.914 D/MIUIInput( 1687): [MotionEvent] publisher action=0x4, 4521004, channel 'd2a2f6b DockAssistantView (server)'
08-28 15:51:50.914 D/MIUIInput( 1687): [MotionEvent] publisher action=0x4, 4521004, channel '9b5a481 NavigationBar0 (server)'
08-28 15:51:50.914 D/MIUIInput( 1687): [MotionEvent] publisher action=0x0, 4521004, channel '9352ecf com.android.settings/com.android.settings.Settings$DevelopmentSettingsDashboardActivity (server)'
08-28 15:51:50.914 I/SidebarCoverView(18032): onTouch : 4
08-28 15:51:50.914 I/DockFeature(18032): isSupportDock: isSupportFreeform=true	isPhone=true	isAboveMiui125=true	isSupportDock=true	isDevBuild=false
08-28 15:51:50.915 I/libPowerHal(  905): [perfLockAcq] idx:0 hdl:1606 hint:0 pid:905 duration:80 lock_user:mtkpower@1.0-se => ret_hdl:1606
08-28 15:51:50.915 I/libPowerHal(  905): INTERACTION: set gpu opp level max: 0
08-28 15:51:50.915 D/SidebarTouchListener(18032): onTouch: 	action = 4	isLeftShow = true
08-28 15:51:50.915 I/libPowerHal(  905): [perfLockAcq] idx:1 hdl:1607 hint:0 pid:905 duration:80 lock_user:mtkpower@1.0-se => ret_hdl:1607
08-28 15:51:50.915 I/libPowerHal(  905): INTERACTION: set gpu opp level max: 0
08-28 15:51:50.942 D/AAL     ( 1261): 08-28 03:51:50.926 BL= 508,ESS= 256, 
08-28 15:51:50.947 E/Light   (  898): AmbienteLight: 496.000000
08-28 15:51:50.953 I/SurfaceFlinger(  923): operator()(), mtkRenderCntDebug 3892, screenshot (com.android.settings/com.android.settings.Settings$DevelopmentSettingsDashboardActivity#0)
08-28 15:51:50.953 I/SurfaceFlinger(  923): operator()(), mtkRenderCntDebug 3892, screenshot (ForceBlack#0)
08-28 15:51:50.953 I/SurfaceFlinger(  923): operator()(), mtkRenderCntDebug 3892, screenshot (com.miui.securitycenter/.FloatingWindow#0)
08-28 15:51:50.996 I/mtkpower@impl(  905): [powerd_req] TIMER_MSG_PERF_LOCK_TIMEOUT hdl:1606
08-28 15:51:50.996 I/libPowerHal(  905): [perfLockRel] hdl:1606, idx:0
08-28 15:51:50.996 I/mtkpower@impl(  905): [powerd_req] TIMER_MSG_PERF_LOCK_TIMEOUT hdl:1607
08-28 15:51:50.996 I/libPowerHal(  905): [perfLockRel] hdl:1607, idx:1
08-28 15:51:51.009 D/AAL     ( 1261): 08-28 03:51:50.976 BL= 509,ESS= 256, 
08-28 15:51:51.011 W/ProcessStats( 1687): Tracking association SourceState{5535bc1 com.android.systemui/1000 BTopFgs #33227} whose proc state 2 is better than process ProcessState{2b90f66 com.miui.notification:remote/1000 pkg=com.miui.notification} proc state 3 (11 skipped)
08-28 15:51:51.039 I/libPowerHal(  905): [perfLockAcq] idx:0 hdl:1608 hint:0 pid:905 duration:80 lock_user:mtkpower@1.0-se => ret_hdl:1608
08-28 15:51:51.039 I/libPowerHal(  905): INTERACTION: set gpu opp level max: 0
08-28 15:51:51.039 I/libPowerHal(  905): [perfLockAcq] idx:1 hdl:1609 hint:0 pid:905 duration:80 lock_user:mtkpower@1.0-se => ret_hdl:1609
08-28 15:51:51.039 I/libPowerHal(  905): INTERACTION: set gpu opp level max: 0
08-28 15:51:51.042 I/libPerfCtl(  905): xgfGetFPS pid:6153 fps:-1
08-28 15:51:51.042 I/libPerfCtl(  905): xgfGetFPS pid:9773 fps:57
08-28 15:51:51.042 I/libPowerHal(  905): [updateFPS] pid(9773) : -1 => 60
08-28 15:51:51.042 I/libPowerHal(  905): [perfNotifyAppState] pack:com.android.settings, act:com.android.settings.Settings$DevelopmentSettingsDashboardActivity, state:5, pid:9773, uid:1000, fps:60
08-28 15:51:51.043 E/UxUtility(  905): notifyAppState error = NULL
08-28 15:51:51.043 I/TouchUtility(  905): notifyAppState error = NULL
08-28 15:51:51.053 I/SurfaceFlinger(  923): operator()(), mtkRenderCntDebug 3893, screenshot (com.android.settings/com.android.settings.Settings$DevelopmentSettingsDashboardActivity#0)
08-28 15:51:51.054 I/SurfaceFlinger(  923): operator()(), mtkRenderCntDebug 3893, screenshot (ForceBlack#0)
08-28 15:51:51.054 I/SurfaceFlinger(  923): operator()(), mtkRenderCntDebug 3893, screenshot (com.miui.securitycenter/.FloatingWindow#0)
08-28 15:51:51.119 I/mtkpower@impl(  905): [powerd_req] TIMER_MSG_PERF_LOCK_TIMEOUT hdl:1608
08-28 15:51:51.119 I/libPowerHal(  905): [perfLockRel] hdl:1608, idx:0
08-28 15:51:51.119 I/mtkpower@impl(  905): [powerd_req] TIMER_MSG_PERF_LOCK_TIMEOUT hdl:1609
08-28 15:51:51.119 I/libPowerHal(  905): [perfLockRel] hdl:1609, idx:1
08-28 15:51:51.139 I/mtkpower_client( 1687): perf_lock_acq, hdl:1602, dur:2000, num:8, tid:1704
08-28 15:51:51.139 I/mtkpower_client( 1687): ret_hdl:1610
08-28 15:51:51.139 I/libPowerHal(  905): [perfLockAcq] idx:0 hdl:1610 hint:-1 pid:1687 duration:2000 lock_user:system_server => ret_hdl:1610
08-28 15:51:51.139 I/libPowerHal(  905): system_server: set gpu opp level max: 0
08-28 15:51:51.147 I/libPowerHal(  905): [perfLockAcq] idx:1 hdl:1611 hint:0 pid:905 duration:80 lock_user:mtkpower@1.0-se => ret_hdl:1611
08-28 15:51:51.147 I/libPowerHal(  905): INTERACTION: set gpu opp level max: 0
08-28 15:51:51.147 I/libPowerHal(  905): [perfLockAcq] idx:2 hdl:1612 hint:0 pid:905 duration:80 lock_user:mtkpower@1.0-se => ret_hdl:1612
08-28 15:51:51.147 I/libPowerHal(  905): INTERACTION: set gpu opp level max: 0
08-28 15:51:51.154 I/SurfaceFlinger(  923): operator()(), mtkRenderCntDebug 3894, screenshot (com.android.settings/com.android.settings.Settings$DevelopmentSettingsDashboardActivity#0)
08-28 15:51:51.154 I/SurfaceFlinger(  923): operator()(), mtkRenderCntDebug 3894, screenshot (ForceBlack#0)
08-28 15:51:51.154 I/SurfaceFlinger(  923): operator()(), mtkRenderCntDebug 3894, screenshot (com.miui.securitycenter/.FloatingWindow#0)
08-28 15:51:51.228 I/mtkpower@impl(  905): [powerd_req] TIMER_MSG_PERF_LOCK_TIMEOUT hdl:1611
08-28 15:51:51.228 I/libPowerHal(  905): [perfLockRel] hdl:1611, idx:1
08-28 15:51:51.228 I/mtkpower@impl(  905): [powerd_req] TIMER_MSG_PERF_LOCK_TIMEOUT hdl:1612
08-28 15:51:51.228 I/libPowerHal(  905): [perfLockRel] hdl:1612, idx:2
08-28 15:51:51.254 I/SurfaceFlinger(  923): operator()(), mtkRenderCntDebug 3895, screenshot (com.android.settings/com.android.settings.Settings$DevelopmentSettingsDashboardActivity#0)
08-28 15:51:51.254 I/SurfaceFlinger(  923): operator()(), mtkRenderCntDebug 3895, screenshot (ForceBlack#0)
08-28 15:51:51.254 I/SurfaceFlinger(  923): operator()(), mtkRenderCntDebug 3895, screenshot (com.miui.securitycenter/.FloatingWindow#0)
08-28 15:51:51.255 I/libPowerHal(  905): [perfLockAcq] idx:1 hdl:1613 hint:0 pid:905 duration:80 lock_user:mtkpower@1.0-se => ret_hdl:1613
08-28 15:51:51.255 I/libPowerHal(  905): INTERACTION: set gpu opp level max: 0
08-28 15:51:51.256 I/libPowerHal(  905): [perfLockAcq] idx:2 hdl:1614 hint:0 pid:905 duration:80 lock_user:mtkpower@1.0-se => ret_hdl:1614
08-28 15:51:51.256 I/libPowerHal(  905): INTERACTION: set gpu opp level max: 0
08-28 15:51:51.280 E/Light   (  898): AmbienteLight: 491.000000
08-28 15:51:51.335 I/mtkpower@impl(  905): [powerd_req] TIMER_MSG_PERF_LOCK_TIMEOUT hdl:1613
08-28 15:51:51.335 I/libPowerHal(  905): [perfLockRel] hdl:1613, idx:1
08-28 15:51:51.337 I/mtkpower@impl(  905): [powerd_req] TIMER_MSG_PERF_LOCK_TIMEOUT hdl:1614
08-28 15:51:51.337 I/libPowerHal(  905): [perfLockRel] hdl:1614, idx:2
08-28 15:51:51.354 I/SurfaceFlinger(  923): operator()(), mtkRenderCntDebug 3896, screenshot (com.android.settings/com.android.settings.Settings$DevelopmentSettingsDashboardActivity#0)
08-28 15:51:51.354 I/SurfaceFlinger(  923): operator()(), mtkRenderCntDebug 3896, screenshot (ForceBlack#0)
08-28 15:51:51.354 I/SurfaceFlinger(  923): operator()(), mtkRenderCntDebug 3896, screenshot (com.miui.securitycenter/.FloatingWindow#0)
08-28 15:51:51.363 I/libPowerHal(  905): [perfLockAcq] idx:1 hdl:1615 hint:0 pid:905 duration:80 lock_user:mtkpower@1.0-se => ret_hdl:1615
08-28 15:51:51.363 I/libPowerHal(  905): INTERACTION: set gpu opp level max: 0
08-28 15:51:51.364 I/libPowerHal(  905): [perfLockAcq] idx:2 hdl:1616 hint:0 pid:905 duration:80 lock_user:mtkpower@1.0-se => ret_hdl:1616
08-28 15:51:51.364 I/libPowerHal(  905): INTERACTION: set gpu opp level max: 0
08-28 15:51:51.443 I/mtkpower@impl(  905): [powerd_req] TIMER_MSG_PERF_LOCK_TIMEOUT hdl:1615
08-28 15:51:51.443 I/libPowerHal(  905): [perfLockRel] hdl:1615, idx:1
08-28 15:51:51.445 I/mtkpower@impl(  905): [powerd_req] TIMER_MSG_PERF_LOCK_TIMEOUT hdl:1616
08-28 15:51:51.445 I/libPowerHal(  905): [perfLockRel] hdl:1616, idx:2
08-28 15:51:51.454 I/SurfaceFlinger(  923): operator()(), mtkRenderCntDebug 3897, screenshot (com.android.settings/com.android.settings.Settings$DevelopmentSettingsDashboardActivity#0)
08-28 15:51:51.454 I/SurfaceFlinger(  923): operator()(), mtkRenderCntDebug 3897, screenshot (ForceBlack#0)
08-28 15:51:51.454 I/SurfaceFlinger(  923): operator()(), mtkRenderCntDebug 3897, screenshot (com.miui.securitycenter/.FloatingWindow#0)
08-28 15:51:51.463 I/libPowerHal(  905): [perfLockAcq] idx:1 hdl:1617 hint:0 pid:905 duration:80 lock_user:mtkpower@1.0-se => ret_hdl:1617
08-28 15:51:51.463 I/libPowerHal(  905): INTERACTION: set gpu opp level max: 0
08-28 15:51:51.464 I/libPowerHal(  905): [perfLockAcq] idx:2 hdl:1618 hint:0 pid:905 duration:80 lock_user:mtkpower@1.0-se => ret_hdl:1618
08-28 15:51:51.464 I/libPowerHal(  905): INTERACTION: set gpu opp level max: 0
08-28 15:51:51.541 D/AAL     ( 1261): 08-28 03:51:51.525 BL= 508,ESS= 256, 
08-28 15:51:51.543 I/mtkpower@impl(  905): [powerd_req] TIMER_MSG_PERF_LOCK_TIMEOUT hdl:1617
08-28 15:51:51.543 I/libPowerHal(  905): [perfLockRel] hdl:1617, idx:1
08-28 15:51:51.545 I/mtkpower@impl(  905): [powerd_req] TIMER_MSG_PERF_LOCK_TIMEOUT hdl:1618
08-28 15:51:51.545 I/libPowerHal(  905): [perfLockRel] hdl:1618, idx:2
08-28 15:51:51.554 I/SurfaceFlinger(  923): operator()(), mtkRenderCntDebug 3898, screenshot (com.android.settings/com.android.settings.Settings$DevelopmentSettingsDashboardActivity#0)
08-28 15:51:51.554 I/SurfaceFlinger(  923): operator()(), mtkRenderCntDebug 3898, screenshot (ForceBlack#0)
08-28 15:51:51.554 I/SurfaceFlinger(  923): operator()(), mtkRenderCntDebug 3898, screenshot (com.miui.securitycenter/.FloatingWindow#0)
08-28 15:51:51.564 I/BufferQueueProducer(  923): [com.android.settings/com.android.settings.Settings$DevelopmentSettingsDashboardActivity#0](this:0xb40000717d6d18d0,id:-1,api:0,p:-1,c:923) queueBuffer: fps=53.24 dur=1014.33 max=99.92 min=16.25
08-28 15:51:51.565 I/hwcomposer(  894): [HWCDisplay] [Display_0 (type:1)] fps:53.234489,dur:1014.38,max:100.40,min:16.00  
08-28 15:51:51.569 D/CarrierConfigLoader( 2168): getConfigForSubIdWithFeature: subscriptionId=7, phoneId=1
08-28 15:51:51.571 I/libPowerHal(  905): [perfLockAcq] idx:1 hdl:1619 hint:0 pid:905 duration:80 lock_user:mtkpower@1.0-se => ret_hdl:1619
08-28 15:51:51.571 I/libPowerHal(  905): INTERACTION: set gpu opp level max: 0
08-28 15:51:51.571 I/libPowerHal(  905): [perfLockAcq] idx:2 hdl:1620 hint:0 pid:905 duration:80 lock_user:mtkpower@1.0-se => ret_hdl:1620
08-28 15:51:51.571 I/libPowerHal(  905): INTERACTION: set gpu opp level max: 0
08-28 15:51:51.579 D/NetworkController.MobileSignalController(7)( 6153): update5GConnectState: false
08-28 15:51:51.579 D/NetworkController.MobileSignalController(7)( 6153): NotQcom5G, signal level = 5
08-28 15:51:51.613 E/Light   (  898): AmbienteLight: 493.000000
08-28 15:51:51.652 I/mtkpower@impl(  905): [powerd_req] TIMER_MSG_PERF_LOCK_TIMEOUT hdl:1619
08-28 15:51:51.652 I/libPowerHal(  905): [perfLockRel] hdl:1619, idx:1
08-28 15:51:51.652 I/mtkpower@impl(  905): [powerd_req] TIMER_MSG_PERF_LOCK_TIMEOUT hdl:1620
08-28 15:51:51.652 I/libPowerHal(  905): [perfLockRel] hdl:1620, idx:2
08-28 15:51:51.655 I/SurfaceFlinger(  923): operator()(), mtkRenderCntDebug 3899, screenshot (com.android.settings/com.android.settings.Settings$DevelopmentSettingsDashboardActivity#0)
08-28 15:51:51.655 I/SurfaceFlinger(  923): operator()(), mtkRenderCntDebug 3899, screenshot (ForceBlack#0)
08-28 15:51:51.655 I/SurfaceFlinger(  923): operator()(), mtkRenderCntDebug 3899, screenshot (com.miui.securitycenter/.FloatingWindow#0)
08-28 15:51:51.679 I/libPowerHal(  905): [perfLockAcq] idx:1 hdl:1621 hint:0 pid:905 duration:80 lock_user:mtkpower@1.0-se => ret_hdl:1621
08-28 15:51:51.680 I/libPowerHal(  905): INTERACTION: set gpu opp level max: 0
08-28 15:51:51.680 I/libPowerHal(  905): [perfLockAcq] idx:2 hdl:1622 hint:0 pid:905 duration:80 lock_user:mtkpower@1.0-se => ret_hdl:1622
08-28 15:51:51.680 I/libPowerHal(  905): INTERACTION: set gpu opp level max: 0
08-28 15:51:51.691 D/AAL     ( 1261): 08-28 03:51:51.575 BL= 509,ESS= 256, 08-28 03:51:51.625 BL= 508,ESS= 256, 
08-28 15:51:51.755 I/SurfaceFlinger(  923): operator()(), mtkRenderCntDebug 3900, screenshot (com.android.settings/com.android.settings.Settings$DevelopmentSettingsDashboardActivity#0)
08-28 15:51:51.755 I/SurfaceFlinger(  923): operator()(), mtkRenderCntDebug 3900, screenshot (ForceBlack#0)
08-28 15:51:51.755 I/SurfaceFlinger(  923): operator()(), mtkRenderCntDebug 3900, screenshot (com.miui.securitycenter/.FloatingWindow#0)
08-28 15:51:51.759 I/mtkpower@impl(  905): [powerd_req] TIMER_MSG_PERF_LOCK_TIMEOUT hdl:1621
08-28 15:51:51.759 I/libPowerHal(  905): [perfLockRel] hdl:1621, idx:1
08-28 15:51:51.760 I/mtkpower@impl(  905): [powerd_req] TIMER_MSG_PERF_LOCK_TIMEOUT hdl:1622
08-28 15:51:51.760 I/libPowerHal(  905): [perfLockRel] hdl:1622, idx:2
08-28 15:51:51.787 I/libPowerHal(  905): [perfLockAcq] idx:1 hdl:1623 hint:0 pid:905 duration:80 lock_user:mtkpower@1.0-se => ret_hdl:1623
08-28 15:51:51.787 I/libPowerHal(  905): INTERACTION: set gpu opp level max: 0
08-28 15:51:51.788 I/libPowerHal(  905): [perfLockAcq] idx:2 hdl:1624 hint:0 pid:905 duration:80 lock_user:mtkpower@1.0-se => ret_hdl:1624
08-28 15:51:51.788 I/libPowerHal(  905): INTERACTION: set gpu opp level max: 0
08-28 15:51:51.855 I/SurfaceFlinger(  923): operator()(), mtkRenderCntDebug 3901, screenshot (com.android.settings/com.android.settings.Settings$DevelopmentSettingsDashboardActivity#0)
08-28 15:51:51.855 I/SurfaceFlinger(  923): operator()(), mtkRenderCntDebug 3901, screenshot (ForceBlack#0)
08-28 15:51:51.855 I/SurfaceFlinger(  923): operator()(), mtkRenderCntDebug 3901, screenshot (com.miui.securitycenter/.FloatingWindow#0)
08-28 15:51:51.867 I/mtkpower@impl(  905): [powerd_req] TIMER_MSG_PERF_LOCK_TIMEOUT hdl:1623
08-28 15:51:51.867 I/libPowerHal(  905): [perfLockRel] hdl:1623, idx:1
08-28 15:51:51.869 I/mtkpower@impl(  905): [powerd_req] TIMER_MSG_PERF_LOCK_TIMEOUT hdl:1624
08-28 15:51:51.869 I/libPowerHal(  905): [perfLockRel] hdl:1624, idx:2
08-28 15:51:51.895 I/libPowerHal(  905): [perfLockAcq] idx:1 hdl:1625 hint:0 pid:905 duration:80 lock_user:mtkpower@1.0-se => ret_hdl:1625
08-28 15:51:51.895 I/libPowerHal(  905): INTERACTION: set gpu opp level max: 0
08-28 15:51:51.896 I/libPowerHal(  905): [perfLockAcq] idx:2 hdl:1626 hint:0 pid:905 duration:80 lock_user:mtkpower@1.0-se => ret_hdl:1626
08-28 15:51:51.896 I/libPowerHal(  905): INTERACTION: set gpu opp level max: 0
08-28 15:51:51.927 D/MIUIInput( 1687): [MotionEvent] publisher action=0x1, 4522017, channel '9352ecf com.android.settings/com.android.settings.Settings$DevelopmentSettingsDashboardActivity (server)'
08-28 15:51:51.928 I/mtkpower_client( 1687): perf_lock_acq, hdl:1605, dur:1905, num:8, tid:1704
08-28 15:51:51.928 I/mtkpower_client( 1687): ret_hdl:1605
08-28 15:51:51.928 I/libPowerHal(  905): [perfLockAcq] idx:3 hdl:1605 hint:-1 pid:1687 duration:1905 lock_user:system_server => ret_hdl:1605
08-28 15:51:51.928 I/libPowerHal(  905): [PU] scn:3, update
08-28 15:51:51.928 I/mtkpower_client( 1687): perf_lock_rel, hdl:1610, tid:1704
08-28 15:51:51.930 I/libPowerHal(  905): [perfLockRel] hdl:1610, idx:0
08-28 15:51:51.940 D/AAL     ( 1261): 08-28 03:51:51.891 BL= 509,ESS= 256, 
08-28 15:51:51.946 E/Light   (  898): AmbienteLight: 490.000000
08-28 15:51:51.955 I/SurfaceFlinger(  923): operator()(), mtkRenderCntDebug 3902, screenshot (com.android.settings/com.android.settings.Settings$DevelopmentSettingsDashboardActivity#0)
08-28 15:51:51.955 I/SurfaceFlinger(  923): operator()(), mtkRenderCntDebug 3902, screenshot (ForceBlack#0)
08-28 15:51:51.955 I/SurfaceFlinger(  923): operator()(), mtkRenderCntDebug 3902, screenshot (com.miui.securitycenter/.FloatingWindow#0)
08-28 15:51:51.975 I/mtkpower@impl(  905): [powerd_req] TIMER_MSG_PERF_LOCK_TIMEOUT hdl:1625
08-28 15:51:51.975 I/libPowerHal(  905): [perfLockRel] hdl:1625, idx:1
08-28 15:51:51.976 I/mtkpower@impl(  905): [powerd_req] TIMER_MSG_PERF_LOCK_TIMEOUT hdl:1626
08-28 15:51:51.977 I/libPowerHal(  905): [perfLockRel] hdl:1626, idx:2
08-28 15:51:52.042 I/libPerfCtl(  905): xgfGetFPS pid:9773 fps:60
08-28 15:51:52.055 I/SurfaceFlinger(  923): operator()(), mtkRenderCntDebug 3903, screenshot (com.android.settings/com.android.settings.Settings$DevelopmentSettingsDashboardActivity#0)
08-28 15:51:52.056 I/SurfaceFlinger(  923): operator()(), mtkRenderCntDebug 3903, screenshot (ForceBlack#0)
08-28 15:51:52.056 I/SurfaceFlinger(  923): operator()(), mtkRenderCntDebug 3903, screenshot (com.miui.securitycenter/.FloatingWindow#0)
08-28 15:51:52.057 D/AAL     ( 1261): 08-28 03:51:51.941 BL= 508,ESS= 256, 08-28 03:51:51.991 BL= 507,ESS= 256, 
08-28 15:51:52.090 D/AAL     ( 1261): 08-28 03:51:52.074 BL= 506,ESS= 256, 
08-28 15:51:52.114 D/BoundBrokerSvc(32716): onUnbind: Intent { act=com.google.android.gms.findmydevice.spot.service.management.START dat=chimera-action: cmp=com.google.android.gms/.chimera.GmsApiService }
08-28 15:51:52.144 D/MIUIInput( 1687): [MotionEvent] publisher action=0x4, 4522234, channel 'd2a2f6b DockAssistantView (server)'
08-28 15:51:52.144 D/MIUIInput( 1687): [MotionEvent] publisher action=0x4, 4522234, channel '9b5a481 NavigationBar0 (server)'
08-28 15:51:52.144 D/MIUIInput( 1687): [MotionEvent] publisher action=0x0, 4522234, channel '9352ecf com.android.settings/com.android.settings.Settings$DevelopmentSettingsDashboardActivity (server)'
08-28 15:51:52.145 I/SidebarCoverView(18032): onTouch : 4
08-28 15:51:52.146 I/DockFeature(18032): isSupportDock: isSupportFreeform=true	isPhone=true	isAboveMiui125=true	isSupportDock=true	isDevBuild=false
08-28 15:51:52.146 I/libPowerHal(  905): [perfLockAcq] idx:0 hdl:1627 hint:0 pid:905 duration:80 lock_user:mtkpower@1.0-se => ret_hdl:1627
08-28 15:51:52.146 I/libPowerHal(  905): INTERACTION: set gpu opp level max: 0
08-28 15:51:52.146 I/libPowerHal(  905): [perfLockAcq] idx:1 hdl:1628 hint:0 pid:905 duration:80 lock_user:mtkpower@1.0-se => ret_hdl:1628
08-28 15:51:52.146 I/libPowerHal(  905): INTERACTION: set gpu opp level max: 0
08-28 15:51:52.147 D/SidebarTouchListener(18032): onTouch: 	action = 4	isLeftShow = true
08-28 15:51:52.147 D/BoundBrokerSvc(32716): onUnbind: Intent { act=com.google.android.gms.onboardingconsent.api.ConsentManagerApiService.START dat=chimera-action: cmp=com.google.android.gms/.chimera.GmsApiService }
08-28 15:51:52.156 I/SurfaceFlinger(  923): operator()(), mtkRenderCntDebug 3904, screenshot (com.android.settings/com.android.settings.Settings$DevelopmentSettingsDashboardActivity#0)
08-28 15:51:52.156 I/SurfaceFlinger(  923): operator()(), mtkRenderCntDebug 3904, screenshot (ForceBlack#0)
08-28 15:51:52.156 I/SurfaceFlinger(  923): operator()(), mtkRenderCntDebug 3904, screenshot (com.miui.securitycenter/.FloatingWindow#0)
08-28 15:51:52.223 D/AAL     ( 1261): 08-28 03:51:52.141 BL= 505,ESS= 256, 08-28 03:51:52.157 BL= 506,ESS= 256, 08-28 03:51:52.174 BL= 505,ESS= 256, 08-28 03:51:52.207 BL= 506,ESS= 256, 
08-28 15:51:52.227 I/mtkpower@impl(  905): [powerd_req] TIMER_MSG_PERF_LOCK_TIMEOUT hdl:1627
08-28 15:51:52.227 I/libPowerHal(  905): [perfLockRel] hdl:1627, idx:0
08-28 15:51:52.227 I/mtkpower@impl(  905): [powerd_req] TIMER_MSG_PERF_LOCK_TIMEOUT hdl:1628
08-28 15:51:52.227 I/libPowerHal(  905): [perfLockRel] hdl:1628, idx:1
08-28 15:51:52.253 I/mtkpower_client( 1687): perf_lock_acq, hdl:1610, dur:2000, num:8, tid:1704
08-28 15:51:52.253 I/libPowerHal(  905): [perfLockAcq] idx:0 hdl:1629 hint:0 pid:905 duration:80 lock_user:mtkpower@1.0-se => ret_hdl:1629
08-28 15:51:52.253 I/libPowerHal(  905): INTERACTION: set gpu opp level max: 0
08-28 15:51:52.253 I/libPowerHal(  905): [perfLockAcq] idx:1 hdl:1630 hint:0 pid:905 duration:80 lock_user:mtkpower@1.0-se => ret_hdl:1630
08-28 15:51:52.253 I/libPowerHal(  905): INTERACTION: set gpu opp level max: 0
08-28 15:51:52.254 I/mtkpower_client( 1687): ret_hdl:1631
08-28 15:51:52.254 I/libPowerHal(  905): [perfLockAcq] idx:2 hdl:1631 hint:-1 pid:1687 duration:2000 lock_user:system_server => ret_hdl:1631
08-28 15:51:52.254 I/libPowerHal(  905): system_server: set gpu opp level max: 0
08-28 15:51:52.256 I/SurfaceFlinger(  923): operator()(), mtkRenderCntDebug 3905, screenshot (com.android.settings/com.android.settings.Settings$DevelopmentSettingsDashboardActivity#0)
08-28 15:51:52.256 I/SurfaceFlinger(  923): operator()(), mtkRenderCntDebug 3905, screenshot (ForceBlack#0)
08-28 15:51:52.256 I/SurfaceFlinger(  923): operator()(), mtkRenderCntDebug 3905, screenshot (com.miui.securitycenter/.FloatingWindow#0)
08-28 15:51:52.280 E/Light   (  898): AmbienteLight: 489.000000
08-28 15:51:52.333 I/mtkpower@impl(  905): [powerd_req] TIMER_MSG_PERF_LOCK_TIMEOUT hdl:1629
08-28 15:51:52.333 I/libPowerHal(  905): [perfLockRel] hdl:1629, idx:0
08-28 15:51:52.334 I/mtkpower@impl(  905): [powerd_req] TIMER_MSG_PERF_LOCK_TIMEOUT hdl:1630
08-28 15:51:52.334 I/libPowerHal(  905): [perfLockRel] hdl:1630, idx:1
08-28 15:51:52.339 D/AAL     ( 1261): 08-28 03:51:52.324 BL= 505,ESS= 256, 
08-28 15:51:52.356 I/SurfaceFlinger(  923): operator()(), mtkRenderCntDebug 3906, screenshot (com.android.settings/com.android.settings.Settings$DevelopmentSettingsDashboardActivity#0)
08-28 15:51:52.356 I/SurfaceFlinger(  923): operator()(), mtkRenderCntDebug 3906, screenshot (ForceBlack#0)
08-28 15:51:52.356 I/SurfaceFlinger(  923): operator()(), mtkRenderCntDebug 3906, screenshot (com.miui.securitycenter/.FloatingWindow#0)
08-28 15:51:52.361 I/libPowerHal(  905): [perfLockAcq] idx:0 hdl:1632 hint:0 pid:905 duration:80 lock_user:mtkpower@1.0-se => ret_hdl:1632
08-28 15:51:52.361 I/libPowerHal(  905): INTERACTION: set gpu opp level max: 0
08-28 15:51:52.362 I/libPowerHal(  905): [perfLockAcq] idx:1 hdl:1633 hint:0 pid:905 duration:80 lock_user:mtkpower@1.0-se => ret_hdl:1633
08-28 15:51:52.362 I/libPowerHal(  905): INTERACTION: set gpu opp level max: 0
08-28 15:51:52.387 D/BoundBrokerSvc(32716): onUnbind: Intent { act=com.google.android.gms.pay.service.BIND dat=chimera-action: cmp=com.google.android.gms/.chimera.GmsApiService }
08-28 15:51:52.441 I/mtkpower@impl(  905): [powerd_req] TIMER_MSG_PERF_LOCK_TIMEOUT hdl:1632
08-28 15:51:52.441 I/libPowerHal(  905): [perfLockRel] hdl:1632, idx:0
08-28 15:51:52.443 I/mtkpower@impl(  905): [powerd_req] TIMER_MSG_PERF_LOCK_TIMEOUT hdl:1633
08-28 15:51:52.443 I/libPowerHal(  905): [perfLockRel] hdl:1633, idx:1
08-28 15:51:52.456 I/SurfaceFlinger(  923): operator()(), mtkRenderCntDebug 3907, screenshot (com.android.settings/com.android.settings.Settings$DevelopmentSettingsDashboardActivity#0)
08-28 15:51:52.456 I/SurfaceFlinger(  923): operator()(), mtkRenderCntDebug 3907, screenshot (ForceBlack#0)
08-28 15:51:52.456 I/SurfaceFlinger(  923): operator()(), mtkRenderCntDebug 3907, screenshot (com.miui.securitycenter/.FloatingWindow#0)
08-28 15:51:52.502 I/libPowerHal(  905): [perfLockAcq] idx:0 hdl:1634 hint:0 pid:905 duration:80 lock_user:mtkpower@1.0-se => ret_hdl:1634
08-28 15:51:52.502 I/libPowerHal(  905): INTERACTION: set gpu opp level max: 0
08-28 15:51:52.503 I/libPowerHal(  905): [perfLockAcq] idx:1 hdl:1635 hint:0 pid:905 duration:80 lock_user:mtkpower@1.0-se => ret_hdl:1635
08-28 15:51:52.503 I/libPowerHal(  905): INTERACTION: set gpu opp level max: 0
08-28 15:51:52.556 I/SurfaceFlinger(  923): operator()(), mtkRenderCntDebug 3908, screenshot (com.android.settings/com.android.settings.Settings$DevelopmentSettingsDashboardActivity#0)
08-28 15:51:52.556 I/SurfaceFlinger(  923): operator()(), mtkRenderCntDebug 3908, screenshot (ForceBlack#0)
08-28 15:51:52.556 I/SurfaceFlinger(  923): operator()(), mtkRenderCntDebug 3908, screenshot (com.miui.securitycenter/.FloatingWindow#0)
08-28 15:51:52.578 I/BufferQueueProducer(  923): [com.android.settings/com.android.settings.Settings$DevelopmentSettingsDashboardActivity#0](this:0xb40000717d6d18d0,id:-1,api:0,p:-1,c:923) queueBuffer: fps=53.25 dur=1014.15 max=99.98 min=16.44
08-28 15:51:52.580 I/hwcomposer(  894): [HWCDisplay] [Display_0 (type:1)] fps:53.220428,dur:1014.65,max:100.20,min:15.89  
08-28 15:51:52.582 I/mtkpower@impl(  905): [powerd_req] TIMER_MSG_PERF_LOCK_TIMEOUT hdl:1634
08-28 15:51:52.582 I/libPowerHal(  905): [perfLockRel] hdl:1634, idx:0
08-28 15:51:52.584 I/mtkpower@impl(  905): [powerd_req] TIMER_MSG_PERF_LOCK_TIMEOUT hdl:1635
08-28 15:51:52.584 I/libPowerHal(  905): [perfLockRel] hdl:1635, idx:1
08-28 15:51:52.611 I/libPowerHal(  905): [perfLockAcq] idx:0 hdl:1636 hint:0 pid:905 duration:80 lock_user:mtkpower@1.0-se => ret_hdl:1636
08-28 15:51:52.611 I/libPowerHal(  905): INTERACTION: set gpu opp level max: 0
08-28 15:51:52.611 I/libPowerHal(  905): [perfLockAcq] idx:1 hdl:1637 hint:0 pid:905 duration:80 lock_user:mtkpower@1.0-se => ret_hdl:1637
08-28 15:51:52.611 I/libPowerHal(  905): INTERACTION: set gpu opp level max: 0
08-28 15:51:52.613 E/Light   (  898): AmbienteLight: 485.000000
08-28 15:51:52.657 I/SurfaceFlinger(  923): operator()(), mtkRenderCntDebug 3909, screenshot (com.android.settings/com.android.settings.Settings$DevelopmentSettingsDashboardActivity#0)
08-28 15:51:52.657 I/SurfaceFlinger(  923): operator()(), mtkRenderCntDebug 3909, screenshot (ForceBlack#0)
08-28 15:51:52.657 I/SurfaceFlinger(  923): operator()(), mtkRenderCntDebug 3909, screenshot (com.miui.securitycenter/.FloatingWindow#0)
08-28 15:51:52.691 I/mtkpower@impl(  905): [powerd_req] TIMER_MSG_PERF_LOCK_TIMEOUT hdl:1636
08-28 15:51:52.692 I/libPowerHal(  905): [perfLockRel] hdl:1636, idx:0
08-28 15:51:52.692 I/mtkpower@impl(  905): [powerd_req] TIMER_MSG_PERF_LOCK_TIMEOUT hdl:1637
08-28 15:51:52.692 I/libPowerHal(  905): [perfLockRel] hdl:1637, idx:1
08-28 15:51:52.718 I/libPowerHal(  905): [perfLockAcq] idx:0 hdl:1638 hint:0 pid:905 duration:80 lock_user:mtkpower@1.0-se => ret_hdl:1638
08-28 15:51:52.719 I/libPowerHal(  905): INTERACTION: set gpu opp level max: 0
08-28 15:51:52.719 I/libPowerHal(  905): [perfLockAcq] idx:1 hdl:1639 hint:0 pid:905 duration:80 lock_user:mtkpower@1.0-se => ret_hdl:1639
08-28 15:51:52.719 I/libPowerHal(  905): INTERACTION: set gpu opp level max: 0
08-28 15:51:52.757 I/SurfaceFlinger(  923): operator()(), mtkRenderCntDebug 3910, screenshot (com.android.settings/com.android.settings.Settings$DevelopmentSettingsDashboardActivity#0)
08-28 15:51:52.757 I/SurfaceFlinger(  923): operator()(), mtkRenderCntDebug 3910, screenshot (ForceBlack#0)
08-28 15:51:52.757 I/SurfaceFlinger(  923): operator()(), mtkRenderCntDebug 3910, screenshot (com.miui.securitycenter/.FloatingWindow#0)
08-28 15:51:52.772 D/AAL     ( 1261): 08-28 03:51:52.757 BL= 506,ESS= 256, 
08-28 15:51:52.799 I/mtkpower@impl(  905): [powerd_req] TIMER_MSG_PERF_LOCK_TIMEOUT hdl:1638
08-28 15:51:52.800 I/libPowerHal(  905): [perfLockRel] hdl:1638, idx:0
08-28 15:51:52.800 I/mtkpower@impl(  905): [powerd_req] TIMER_MSG_PERF_LOCK_TIMEOUT hdl:1639
08-28 15:51:52.800 I/libPowerHal(  905): [perfLockRel] hdl:1639, idx:1
08-28 15:51:52.800 D/MIUIInput( 1687): [MotionEvent] publisher action=0x1, 4522891, channel '9352ecf com.android.settings/com.android.settings.Settings$DevelopmentSettingsDashboardActivity (server)'
08-28 15:51:52.801 I/mtkpower_client( 1687): perf_lock_acq, hdl:1605, dur:975, num:8, tid:1704
08-28 15:51:52.802 I/mtkpower_client( 1687): ret_hdl:1605
08-28 15:51:52.802 I/libPowerHal(  905): [perfLockAcq] idx:3 hdl:1605 hint:-1 pid:1687 duration:975 lock_user:system_server => ret_hdl:1605
08-28 15:51:52.802 I/libPowerHal(  905): [PU] scn:3, update
08-28 15:51:52.802 I/mtkpower_client( 1687): perf_lock_rel, hdl:1631, tid:1704
08-28 15:51:52.803 I/libPowerHal(  905): [perfLockRel] hdl:1631, idx:2
08-28 15:51:52.855 D/AAL     ( 1261): 08-28 03:51:52.790 BL= 505,ESS= 256, 08-28 03:51:52.822 BL= 506,ESS= 256, 08-28 03:51:52.839 BL= 505,ESS= 256, 
08-28 15:51:52.857 I/SurfaceFlinger(  923): operator()(), mtkRenderCntDebug 3911, screenshot (com.android.settings/com.android.settings.Settings$DevelopmentSettingsDashboardActivity#0)
08-28 15:51:52.857 I/SurfaceFlinger(  923): operator()(), mtkRenderCntDebug 3911, screenshot (ForceBlack#0)
08-28 15:51:52.857 I/SurfaceFlinger(  923): operator()(), mtkRenderCntDebug 3911, screenshot (com.miui.securitycenter/.FloatingWindow#0)
08-28 15:51:52.946 E/Light   (  898): AmbienteLight: 481.000000
08-28 15:51:52.957 I/SurfaceFlinger(  923): operator()(), mtkRenderCntDebug 3912, screenshot (com.android.settings/com.android.settings.Settings$DevelopmentSettingsDashboardActivity#0)
08-28 15:51:52.957 I/SurfaceFlinger(  923): operator()(), mtkRenderCntDebug 3912, screenshot (ForceBlack#0)
08-28 15:51:52.957 I/SurfaceFlinger(  923): operator()(), mtkRenderCntDebug 3912, screenshot (com.miui.securitycenter/.FloatingWindow#0)
08-28 15:51:52.968 D/MIUIInput( 1687): [MotionEvent] publisher action=0x4, 4523058, channel 'd2a2f6b DockAssistantView (server)'
08-28 15:51:52.968 D/MIUIInput( 1687): [MotionEvent] publisher action=0x4, 4523058, channel '9b5a481 NavigationBar0 (server)'
08-28 15:51:52.968 D/MIUIInput( 1687): [MotionEvent] publisher action=0x0, 4523058, channel '9352ecf com.android.settings/com.android.settings.Settings$DevelopmentSettingsDashboardActivity (server)'
08-28 15:51:52.968 I/SidebarCoverView(18032): onTouch : 4
08-28 15:51:52.968 I/DockFeature(18032): isSupportDock: isSupportFreeform=true	isPhone=true	isAboveMiui125=true	isSupportDock=true	isDevBuild=false
08-28 15:51:52.969 I/libPowerHal(  905): [perfLockAcq] idx:0 hdl:1640 hint:0 pid:905 duration:80 lock_user:mtkpower@1.0-se => ret_hdl:1640
08-28 15:51:52.969 I/libPowerHal(  905): INTERACTION: set gpu opp level max: 0
08-28 15:51:52.969 I/libPowerHal(  905): [perfLockAcq] idx:1 hdl:1641 hint:0 pid:905 duration:80 lock_user:mtkpower@1.0-se => ret_hdl:1641
08-28 15:51:52.969 I/libPowerHal(  905): INTERACTION: set gpu opp level max: 0
08-28 15:51:52.970 D/SidebarTouchListener(18032): onTouch: 	action = 4	isLeftShow = true
08-28 15:51:53.005 D/AAL     ( 1261): 08-28 03:51:52.922 BL= 506,ESS= 256, 08-28 03:51:52.939 BL= 505,ESS= 256, 08-28 03:51:52.956 BL= 506,ESS= 256, 
08-28 15:51:53.026 I/mtkpower_client( 1687): perf_lock_acq, hdl:1631, dur:2000, num:8, tid:1704
08-28 15:51:53.027 I/mtkpower_client( 1687): ret_hdl:1642
08-28 15:51:53.027 I/libPowerHal(  905): [perfLockAcq] idx:2 hdl:1642 hint:-1 pid:1687 duration:2000 lock_user:system_server => ret_hdl:1642
08-28 15:51:53.027 I/libPowerHal(  905): system_server: set gpu opp level max: 0
08-28 15:51:53.038 D/AAL     ( 1261): 08-28 03:51:53.022 BL= 505,ESS= 256, 
08-28 15:51:53.042 I/libPerfCtl(  905): xgfGetFPS pid:9773 fps:57
08-28 15:51:53.050 I/mtkpower@impl(  905): [powerd_req] TIMER_MSG_PERF_LOCK_TIMEOUT hdl:1640
08-28 15:51:53.050 I/libPowerHal(  905): [perfLockRel] hdl:1640, idx:0
08-28 15:51:53.050 I/mtkpower@impl(  905): [powerd_req] TIMER_MSG_PERF_LOCK_TIMEOUT hdl:1641
08-28 15:51:53.050 I/libPowerHal(  905): [perfLockRel] hdl:1641, idx:1
08-28 15:51:53.057 I/SurfaceFlinger(  923): operator()(), mtkRenderCntDebug 3913, screenshot (com.android.settings/com.android.settings.Settings$DevelopmentSettingsDashboardActivity#0)
08-28 15:51:53.057 I/SurfaceFlinger(  923): operator()(), mtkRenderCntDebug 3913, screenshot (ForceBlack#0)
08-28 15:51:53.057 I/SurfaceFlinger(  923): operator()(), mtkRenderCntDebug 3913, screenshot (com.miui.securitycenter/.FloatingWindow#0)
08-28 15:51:53.076 I/libPowerHal(  905): [perfLockAcq] idx:0 hdl:1643 hint:0 pid:905 duration:80 lock_user:mtkpower@1.0-se => ret_hdl:1643
08-28 15:51:53.076 I/libPowerHal(  905): INTERACTION: set gpu opp level max: 0
08-28 15:51:53.077 I/libPowerHal(  905): [perfLockAcq] idx:1 hdl:1644 hint:0 pid:905 duration:80 lock_user:mtkpower@1.0-se => ret_hdl:1644
08-28 15:51:53.077 I/libPowerHal(  905): INTERACTION: set gpu opp level max: 0
08-28 15:51:53.156 I/mtkpower@impl(  905): [powerd_req] TIMER_MSG_PERF_LOCK_TIMEOUT hdl:1643
08-28 15:51:53.156 I/libPowerHal(  905): [perfLockRel] hdl:1643, idx:0
08-28 15:51:53.158 I/SurfaceFlinger(  923): operator()(), mtkRenderCntDebug 3914, screenshot (com.android.settings/com.android.settings.Settings$DevelopmentSettingsDashboardActivity#0)
08-28 15:51:53.158 I/mtkpower@impl(  905): [powerd_req] TIMER_MSG_PERF_LOCK_TIMEOUT hdl:1644
08-28 15:51:53.158 I/libPowerHal(  905): [perfLockRel] hdl:1644, idx:1
08-28 15:51:53.158 I/SurfaceFlinger(  923): operator()(), mtkRenderCntDebug 3914, screenshot (ForceBlack#0)
08-28 15:51:53.158 I/SurfaceFlinger(  923): operator()(), mtkRenderCntDebug 3914, screenshot (com.miui.securitycenter/.FloatingWindow#0)
08-28 15:51:53.165 D/FiveGDataOptimize( 2168): isAnyCallOngoing callOngoing= false
08-28 15:51:53.169 D/FiveGDataOptimize( 2168): TxRx: 0, Tx: 0, Rx: 0, Hit: 0
08-28 15:51:53.184 I/libPowerHal(  905): [perfLockAcq] idx:0 hdl:1645 hint:0 pid:905 duration:80 lock_user:mtkpower@1.0-se => ret_hdl:1645
08-28 15:51:53.184 I/libPowerHal(  905): INTERACTION: set gpu opp level max: 0
08-28 15:51:53.185 I/libPowerHal(  905): [perfLockAcq] idx:1 hdl:1646 hint:0 pid:905 duration:80 lock_user:mtkpower@1.0-se => ret_hdl:1646
08-28 15:51:53.185 I/libPowerHal(  905): INTERACTION: set gpu opp level max: 0
08-28 15:51:53.204 D/AAL     ( 1261): 08-28 03:51:53.122 BL= 506,ESS= 256, 
08-28 15:51:53.258 D/MIUIInput( 1687): [MotionEvent] publisher action=0x1, 4523348, channel '9352ecf com.android.settings/com.android.settings.Settings$DevelopmentSettingsDashboardActivity (server)'
08-28 15:51:53.259 I/mtkpower_client( 1687): perf_lock_acq, hdl:1605, dur:640, num:8, tid:1704
08-28 15:51:53.259 I/mtkpower_client( 1687): ret_hdl:1605
08-28 15:51:53.259 I/libPowerHal(  905): [perfLockAcq] idx:3 hdl:1605 hint:-1 pid:1687 duration:640 lock_user:system_server => ret_hdl:1605
08-28 15:51:53.259 I/libPowerHal(  905): [PU] scn:3, update
08-28 15:51:53.259 I/mtkpower_client( 1687): perf_lock_rel, hdl:1642, tid:1704
08-28 15:51:53.260 I/libPowerHal(  905): [perfLockRel] hdl:1642, idx:2
08-28 15:51:53.263 I/SurfaceFlinger(  923): operator()(), mtkRenderCntDebug 3915, screenshot (com.android.settings/com.android.settings.Settings$DevelopmentSettingsDashboardActivity#0)
08-28 15:51:53.263 I/SurfaceFlinger(  923): operator()(), mtkRenderCntDebug 3915, screenshot (ForceBlack#0)
08-28 15:51:53.263 I/SurfaceFlinger(  923): operator()(), mtkRenderCntDebug 3915, screenshot (com.miui.securitycenter/.FloatingWindow#0)
08-28 15:51:53.264 I/mtkpower@impl(  905): [powerd_req] TIMER_MSG_PERF_LOCK_TIMEOUT hdl:1645
08-28 15:51:53.264 I/libPowerHal(  905): [perfLockRel] hdl:1645, idx:0
08-28 15:51:53.265 I/mtkpower@impl(  905): [powerd_req] TIMER_MSG_PERF_LOCK_TIMEOUT hdl:1646
08-28 15:51:53.265 I/libPowerHal(  905): [perfLockRel] hdl:1646, idx:1
08-28 15:51:53.280 E/Light   (  898): AmbienteLight: 480.000000
08-28 15:51:53.280 D/AALLightSensor( 1261): oldLux=482 [SA:480 LA:482] newLux=482 (oriLux: 480)
08-28 15:51:53.363 I/SurfaceFlinger(  923): operator()(), mtkRenderCntDebug 3916, screenshot (com.android.settings/com.android.settings.Settings$DevelopmentSettingsDashboardActivity#0)
08-28 15:51:53.363 I/SurfaceFlinger(  923): operator()(), mtkRenderCntDebug 3916, screenshot (ForceBlack#0)
08-28 15:51:53.364 I/SurfaceFlinger(  923): operator()(), mtkRenderCntDebug 3916, screenshot (com.miui.securitycenter/.FloatingWindow#0)
08-28 15:51:53.420 D/AAL     ( 1261): 08-28 03:51:53.371 BL= 507,ESS= 256, 08-28 03:51:53.405 BL= 506,ESS= 256, 
08-28 15:51:53.464 I/SurfaceFlinger(  923): operator()(), mtkRenderCntDebug 3917, screenshot (com.android.settings/com.android.settings.Settings$DevelopmentSettingsDashboardActivity#0)
08-28 15:51:53.464 I/SurfaceFlinger(  923): operator()(), mtkRenderCntDebug 3917, screenshot (ForceBlack#0)
08-28 15:51:53.464 I/SurfaceFlinger(  923): operator()(), mtkRenderCntDebug 3917, screenshot (com.miui.securitycenter/.FloatingWindow#0)
08-28 15:51:53.533 D/HeapUsage Monitor( 1687): HeapAllocSize : 66MB; monitorSize : 500MB
08-28 15:51:53.533 D/AES     ( 1687): AEEIOCTL_GET/SET_SF_STATE IOCTL,cmd= 1074294797, lParam=0. 
08-28 15:51:53.534 D/AES     ( 1687): AEEIOCTL_RT_MON_Kick IOCTL,cmd= 2147774474, lParam=300. 
08-28 15:51:53.564 I/SurfaceFlinger(  923): operator()(), mtkRenderCntDebug 3918, screenshot (com.android.settings/com.android.settings.Settings$DevelopmentSettingsDashboardActivity#0)
08-28 15:51:53.564 I/SurfaceFlinger(  923): operator()(), mtkRenderCntDebug 3918, screenshot (ForceBlack#0)
08-28 15:51:53.564 I/SurfaceFlinger(  923): operator()(), mtkRenderCntDebug 3918, screenshot (com.miui.securitycenter/.FloatingWindow#0)
08-28 15:51:53.575 D/MIUIInput( 1687): [MotionEvent] publisher action=0x4, 4523665, channel 'd2a2f6b DockAssistantView (server)'
08-28 15:51:53.575 D/MIUIInput( 1687): [MotionEvent] publisher action=0x4, 4523665, channel '9b5a481 NavigationBar0 (server)'
08-28 15:51:53.575 D/MIUIInput( 1687): [MotionEvent] publisher action=0x0, 4523665, channel '9352ecf com.android.settings/com.android.settings.Settings$DevelopmentSettingsDashboardActivity (server)'
08-28 15:51:53.575 I/SidebarCoverView(18032): onTouch : 4
08-28 15:51:53.575 I/DockFeature(18032): isSupportDock: isSupportFreeform=true	isPhone=true	isAboveMiui125=true	isSupportDock=true	isDevBuild=false
08-28 15:51:53.576 I/libPowerHal(  905): [perfLockAcq] idx:0 hdl:1647 hint:0 pid:905 duration:80 lock_user:mtkpower@1.0-se => ret_hdl:1647
08-28 15:51:53.576 I/libPowerHal(  905): INTERACTION: set gpu opp level max: 0
08-28 15:51:53.576 D/SidebarTouchListener(18032): onTouch: 	action = 4	isLeftShow = true
08-28 15:51:53.577 I/libPowerHal(  905): [perfLockAcq] idx:1 hdl:1648 hint:0 pid:905 duration:80 lock_user:mtkpower@1.0-se => ret_hdl:1648
08-28 15:51:53.577 I/libPowerHal(  905): INTERACTION: set gpu opp level max: 0
08-28 15:51:53.593 I/BufferQueueProducer(  923): [com.android.settings/com.android.settings.Settings$DevelopmentSettingsDashboardActivity#0](this:0xb40000717d6d18d0,id:-1,api:0,p:-1,c:923) queueBuffer: fps=56.17 dur=1014.81 max=67.01 min=15.25
08-28 15:51:53.593 W/ActivityManager( 1687): Unable to start service Intent { cmp=com.miui.powerkeeper/.perfshielder.PerfShielderStatisticsService } U=0: not found
08-28 15:51:53.594 V/PerfShielderService( 1687): Miui powerkeeper: can't bind to com.miui.powerkeeper.perfshielder.PerfShielderStatisticsService
08-28 15:51:53.594 I/hwcomposer(  894): [HWCDisplay] [Display_0 (type:1)] fps:56.201286,dur:1014.21,max:67.77,min:14.92  
08-28 15:51:53.613 E/Light   (  898): AmbienteLight: 477.000000
08-28 15:51:53.617 I/mtkpower_client( 1687): perf_lock_acq, hdl:1642, dur:2000, num:8, tid:1704
08-28 15:51:53.617 I/mtkpower_client( 1687): ret_hdl:1649
08-28 15:51:53.617 I/libPowerHal(  905): [perfLockAcq] idx:2 hdl:1649 hint:-1 pid:1687 duration:2000 lock_user:system_server => ret_hdl:1649
08-28 15:51:53.617 I/libPowerHal(  905): system_server: set gpu opp level max: 0
08-28 15:51:53.653 D/AAL     ( 1261): 08-28 03:51:53.621 BL= 507,ESS= 256, 
08-28 15:51:53.657 I/mtkpower@impl(  905): [powerd_req] TIMER_MSG_PERF_LOCK_TIMEOUT hdl:1647
08-28 15:51:53.657 I/libPowerHal(  905): [perfLockRel] hdl:1647, idx:0
08-28 15:51:53.657 I/mtkpower@impl(  905): [powerd_req] TIMER_MSG_PERF_LOCK_TIMEOUT hdl:1648
08-28 15:51:53.657 I/libPowerHal(  905): [perfLockRel] hdl:1648, idx:1
08-28 15:51:53.664 I/SurfaceFlinger(  923): operator()(), mtkRenderCntDebug 3919, screenshot (com.android.settings/com.android.settings.Settings$DevelopmentSettingsDashboardActivity#0)
08-28 15:51:53.664 I/SurfaceFlinger(  923): operator()(), mtkRenderCntDebug 3919, screenshot (ForceBlack#0)
08-28 15:51:53.664 I/SurfaceFlinger(  923): operator()(), mtkRenderCntDebug 3919, screenshot (com.miui.securitycenter/.FloatingWindow#0)
08-28 15:51:53.683 I/libPowerHal(  905): [perfLockAcq] idx:0 hdl:1650 hint:0 pid:905 duration:80 lock_user:mtkpower@1.0-se => ret_hdl:1650
08-28 15:51:53.683 I/libPowerHal(  905): INTERACTION: set gpu opp level max: 0
08-28 15:51:53.684 I/libPowerHal(  905): [perfLockAcq] idx:1 hdl:1651 hint:0 pid:905 duration:80 lock_user:mtkpower@1.0-se => ret_hdl:1651
08-28 15:51:53.684 I/libPowerHal(  905): INTERACTION: set gpu opp level max: 0
08-28 15:51:53.763 I/mtkpower@impl(  905): [powerd_req] TIMER_MSG_PERF_LOCK_TIMEOUT hdl:1650
08-28 15:51:53.763 I/libPowerHal(  905): [perfLockRel] hdl:1650, idx:0
08-28 15:51:53.764 I/SurfaceFlinger(  923): operator()(), mtkRenderCntDebug 3920, screenshot (com.android.settings/com.android.settings.Settings$DevelopmentSettingsDashboardActivity#0)
08-28 15:51:53.764 I/SurfaceFlinger(  923): operator()(), mtkRenderCntDebug 3920, screenshot (ForceBlack#0)
08-28 15:51:53.764 I/SurfaceFlinger(  923): operator()(), mtkRenderCntDebug 3920, screenshot (com.miui.securitycenter/.FloatingWindow#0)
08-28 15:51:53.765 I/mtkpower@impl(  905): [powerd_req] TIMER_MSG_PERF_LOCK_TIMEOUT hdl:1651
08-28 15:51:53.765 I/libPowerHal(  905): [perfLockRel] hdl:1651, idx:1
08-28 15:51:53.770 D/AAL     ( 1261): 08-28 03:51:53.754 BL= 508,ESS= 256, 
08-28 15:51:53.791 I/libPowerHal(  905): [perfLockAcq] idx:0 hdl:1652 hint:0 pid:905 duration:80 lock_user:mtkpower@1.0-se => ret_hdl:1652
08-28 15:51:53.791 I/libPowerHal(  905): INTERACTION: set gpu opp level max: 0
08-28 15:51:53.792 I/libPowerHal(  905): [perfLockAcq] idx:1 hdl:1653 hint:0 pid:905 duration:80 lock_user:mtkpower@1.0-se => ret_hdl:1653
08-28 15:51:53.792 I/libPowerHal(  905): INTERACTION: set gpu opp level max: 0
08-28 15:51:53.853 D/AAL     ( 1261): 08-28 03:51:53.771 BL= 507,ESS= 256, 08-28 03:51:53.820 BL= 508,ESS= 256, 
08-28 15:51:53.856 D/MIUIInput( 1687): [MotionEvent] publisher action=0x1, 4523947, channel '9352ecf com.android.settings/com.android.settings.Settings$DevelopmentSettingsDashboardActivity (server)'
08-28 15:51:53.857 I/mtkpower_client( 1687): perf_lock_acq, hdl:1605, dur:506, num:8, tid:1704
08-28 15:51:53.858 I/mtkpower_client( 1687): ret_hdl:1605
08-28 15:51:53.858 I/libPowerHal(  905): [perfLockAcq] idx:3 hdl:1605 hint:-1 pid:1687 duration:506 lock_user:system_server => ret_hdl:1605
08-28 15:51:53.858 I/libPowerHal(  905): [PU] scn:3, update
08-28 15:51:53.858 I/mtkpower_client( 1687): perf_lock_rel, hdl:1649, tid:1704
08-28 15:51:53.859 I/libPowerHal(  905): [perfLockRel] hdl:1649, idx:2
08-28 15:51:53.864 I/SurfaceFlinger(  923): operator()(), mtkRenderCntDebug 3921, screenshot (com.android.settings/com.android.settings.Settings$DevelopmentSettingsDashboardActivity#0)
08-28 15:51:53.864 I/SurfaceFlinger(  923): operator()(), mtkRenderCntDebug 3921, screenshot (ForceBlack#0)
08-28 15:51:53.864 I/SurfaceFlinger(  923): operator()(), mtkRenderCntDebug 3921, screenshot (com.miui.securitycenter/.FloatingWindow#0)
08-28 15:51:53.872 I/mtkpower@impl(  905): [powerd_req] TIMER_MSG_PERF_LOCK_TIMEOUT hdl:1652
08-28 15:51:53.872 I/libPowerHal(  905): [perfLockRel] hdl:1652, idx:0
08-28 15:51:53.872 I/mtkpower@impl(  905): [powerd_req] TIMER_MSG_PERF_LOCK_TIMEOUT hdl:1653
08-28 15:51:53.872 I/libPowerHal(  905): [perfLockRel] hdl:1653, idx:1
08-28 15:51:53.886 D/AAL     ( 1261): 08-28 03:51:53.870 BL= 507,ESS= 256, 
08-28 15:51:53.946 E/Light   (  898): AmbienteLight: 474.000000
08-28 15:51:53.964 I/SurfaceFlinger(  923): operator()(), mtkRenderCntDebug 3922, screenshot (com.android.settings/com.android.settings.Settings$DevelopmentSettingsDashboardActivity#0)
08-28 15:51:53.964 I/SurfaceFlinger(  923): operator()(), mtkRenderCntDebug 3922, screenshot (ForceBlack#0)
08-28 15:51:53.965 I/SurfaceFlinger(  923): operator()(), mtkRenderCntDebug 3922, screenshot (com.miui.securitycenter/.FloatingWindow#0)
08-28 15:51:54.007 D/MIUIInput( 1687): [MotionEvent] publisher action=0x4, 4524097, channel 'd2a2f6b DockAssistantView (server)'
08-28 15:51:54.007 D/MIUIInput( 1687): [MotionEvent] publisher action=0x4, 4524097, channel '9b5a481 NavigationBar0 (server)'
08-28 15:51:54.007 D/MIUIInput( 1687): [MotionEvent] publisher action=0x0, 4524097, channel '9352ecf com.android.settings/com.android.settings.Settings$DevelopmentSettingsDashboardActivity (server)'
08-28 15:51:54.007 I/SidebarCoverView(18032): onTouch : 4
08-28 15:51:54.008 I/DockFeature(18032): isSupportDock: isSupportFreeform=true	isPhone=true	isAboveMiui125=true	isSupportDock=true	isDevBuild=false
08-28 15:51:54.008 I/libPowerHal(  905): [perfLockAcq] idx:0 hdl:1654 hint:0 pid:905 duration:80 lock_user:mtkpower@1.0-se => ret_hdl:1654
08-28 15:51:54.008 I/libPowerHal(  905): INTERACTION: set gpu opp level max: 0
08-28 15:51:54.009 D/SidebarTouchListener(18032): onTouch: 	action = 4	isLeftShow = true
08-28 15:51:54.010 I/libPowerHal(  905): [perfLockAcq] idx:1 hdl:1655 hint:0 pid:905 duration:80 lock_user:mtkpower@1.0-se => ret_hdl:1655
08-28 15:51:54.010 I/libPowerHal(  905): INTERACTION: set gpu opp level max: 0
08-28 15:51:54.042 I/libPerfCtl(  905): xgfGetFPS pid:9773 fps:57
08-28 15:51:54.052 D/AAL     ( 1261): 08-28 03:51:53.970 BL= 506,ESS= 256, 08-28 03:51:54.003 BL= 507,ESS= 256, 
08-28 15:51:54.065 I/SurfaceFlinger(  923): operator()(), mtkRenderCntDebug 3923, screenshot (com.android.settings/com.android.settings.Settings$DevelopmentSettingsDashboardActivity#0)
08-28 15:51:54.065 I/SurfaceFlinger(  923): operator()(), mtkRenderCntDebug 3923, screenshot (ForceBlack#0)
08-28 15:51:54.065 I/SurfaceFlinger(  923): operator()(), mtkRenderCntDebug 3923, screenshot (com.miui.securitycenter/.FloatingWindow#0)
08-28 15:51:54.074 I/mtkpower_client( 1687): perf_lock_acq, hdl:1649, dur:2000, num:8, tid:1704
08-28 15:51:54.075 I/mtkpower_client( 1687): ret_hdl:1656
08-28 15:51:54.075 I/libPowerHal(  905): [perfLockAcq] idx:2 hdl:1656 hint:-1 pid:1687 duration:2000 lock_user:system_server => ret_hdl:1656
08-28 15:51:54.075 I/libPowerHal(  905): system_server: set gpu opp level max: 0
08-28 15:51:54.088 I/mtkpower@impl(  905): [powerd_req] TIMER_MSG_PERF_LOCK_TIMEOUT hdl:1654
08-28 15:51:54.089 I/libPowerHal(  905): [perfLockRel] hdl:1654, idx:0
08-28 15:51:54.090 I/mtkpower@impl(  905): [powerd_req] TIMER_MSG_PERF_LOCK_TIMEOUT hdl:1655
08-28 15:51:54.090 I/libPowerHal(  905): [perfLockRel] hdl:1655, idx:1
08-28 15:51:54.115 I/libPowerHal(  905): [perfLockAcq] idx:0 hdl:1657 hint:0 pid:905 duration:80 lock_user:mtkpower@1.0-se => ret_hdl:1657
08-28 15:51:54.116 I/libPowerHal(  905): INTERACTION: set gpu opp level max: 0
08-28 15:51:54.116 I/libPowerHal(  905): [perfLockAcq] idx:1 hdl:1658 hint:0 pid:905 duration:80 lock_user:mtkpower@1.0-se => ret_hdl:1658
08-28 15:51:54.116 I/libPowerHal(  905): INTERACTION: set gpu opp level max: 0
08-28 15:51:54.165 I/SurfaceFlinger(  923): operator()(), mtkRenderCntDebug 3924, screenshot (com.android.settings/com.android.settings.Settings$DevelopmentSettingsDashboardActivity#0)
08-28 15:51:54.165 I/SurfaceFlinger(  923): operator()(), mtkRenderCntDebug 3924, screenshot (ForceBlack#0)
08-28 15:51:54.165 I/SurfaceFlinger(  923): operator()(), mtkRenderCntDebug 3924, screenshot (com.miui.securitycenter/.FloatingWindow#0)
08-28 15:51:54.195 I/mtkpower@impl(  905): [powerd_req] TIMER_MSG_PERF_LOCK_TIMEOUT hdl:1657
08-28 15:51:54.195 I/libPowerHal(  905): [perfLockRel] hdl:1657, idx:0
08-28 15:51:54.196 I/mtkpower@impl(  905): [powerd_req] TIMER_MSG_PERF_LOCK_TIMEOUT hdl:1658
08-28 15:51:54.196 I/libPowerHal(  905): [perfLockRel] hdl:1658, idx:1
08-28 15:51:54.224 I/libPowerHal(  905): [perfLockAcq] idx:0 hdl:1659 hint:0 pid:905 duration:80 lock_user:mtkpower@1.0-se => ret_hdl:1659
08-28 15:51:54.224 I/libPowerHal(  905): INTERACTION: set gpu opp level max: 0
08-28 15:51:54.224 I/libPowerHal(  905): [perfLockAcq] idx:1 hdl:1660 hint:0 pid:905 duration:80 lock_user:mtkpower@1.0-se => ret_hdl:1660
08-28 15:51:54.224 I/libPowerHal(  905): INTERACTION: set gpu opp level max: 0
08-28 15:51:54.256 D/MIUIInput( 1687): [MotionEvent] publisher action=0x1, 4524346, channel '9352ecf com.android.settings/com.android.settings.Settings$DevelopmentSettingsDashboardActivity (server)'
08-28 15:51:54.257 I/mtkpower_client( 1687): perf_lock_acq, hdl:1605, dur:409, num:8, tid:1704
08-28 15:51:54.257 I/mtkpower_client( 1687): ret_hdl:1605
08-28 15:51:54.257 I/libPowerHal(  905): [perfLockAcq] idx:3 hdl:1605 hint:-1 pid:1687 duration:409 lock_user:system_server => ret_hdl:1605
08-28 15:51:54.257 I/libPowerHal(  905): [PU] scn:3, update
08-28 15:51:54.257 I/mtkpower_client( 1687): perf_lock_rel, hdl:1656, tid:1704
08-28 15:51:54.259 I/libPowerHal(  905): [perfLockRel] hdl:1656, idx:2
08-28 15:51:54.265 I/SurfaceFlinger(  923): operator()(), mtkRenderCntDebug 3925, screenshot (com.android.settings/com.android.settings.Settings$DevelopmentSettingsDashboardActivity#0)
08-28 15:51:54.265 I/SurfaceFlinger(  923): operator()(), mtkRenderCntDebug 3925, screenshot (ForceBlack#0)
08-28 15:51:54.265 I/SurfaceFlinger(  923): operator()(), mtkRenderCntDebug 3925, screenshot (com.miui.securitycenter/.FloatingWindow#0)
08-28 15:51:54.280 E/Light   (  898): AmbienteLight: 476.000000
08-28 15:51:54.302 D/AAL     ( 1261): 08-28 03:51:54.270 BL= 508,ESS= 256, 
08-28 15:51:54.304 I/mtkpower@impl(  905): [powerd_req] TIMER_MSG_PERF_LOCK_TIMEOUT hdl:1659
08-28 15:51:54.304 I/libPowerHal(  905): [perfLockRel] hdl:1659, idx:0
08-28 15:51:54.305 I/mtkpower@impl(  905): [powerd_req] TIMER_MSG_PERF_LOCK_TIMEOUT hdl:1660
08-28 15:51:54.305 I/libPowerHal(  905): [perfLockRel] hdl:1660, idx:1
08-28 15:51:54.365 I/SurfaceFlinger(  923): operator()(), mtkRenderCntDebug 3926, screenshot (com.android.settings/com.android.settings.Settings$DevelopmentSettingsDashboardActivity#0)
08-28 15:51:54.365 I/SurfaceFlinger(  923): operator()(), mtkRenderCntDebug 3926, screenshot (ForceBlack#0)
08-28 15:51:54.365 I/SurfaceFlinger(  923): operator()(), mtkRenderCntDebug 3926, screenshot (com.miui.securitycenter/.FloatingWindow#0)
08-28 15:51:54.389 W/libc    ( 2125): Access denied finding property "persist.vendor.sss.smartRat.ut"
08-28 15:51:54.389 W/libc    ( 2125): Access denied finding property "persist.vendor.sss.smartRat.looback"
08-28 15:51:54.389 W/libc    ( 2125): Access denied finding property "persist.vendor.sss.smartRat.looback_mode"
08-28 15:51:54.432 D/CarrierConfigLoader( 2168): getConfigForSubIdWithFeature: subscriptionId=7, phoneId=1
08-28 15:51:54.452 D/AAL     ( 1261): 08-28 03:51:54.386 BL= 507,ESS= 256, 08-28 03:51:54.436 BL= 506,ESS= 256, 
08-28 15:51:54.465 I/SurfaceFlinger(  923): operator()(), mtkRenderCntDebug 3927, screenshot (com.android.settings/com.android.settings.Settings$DevelopmentSettingsDashboardActivity#0)
08-28 15:51:54.465 I/SurfaceFlinger(  923): operator()(), mtkRenderCntDebug 3927, screenshot (ForceBlack#0)
08-28 15:51:54.466 I/SurfaceFlinger(  923): operator()(), mtkRenderCntDebug 3927, screenshot (com.miui.securitycenter/.FloatingWindow#0)
08-28 15:51:54.566 I/SurfaceFlinger(  923): operator()(), mtkRenderCntDebug 3928, screenshot (com.android.settings/com.android.settings.Settings$DevelopmentSettingsDashboardActivity#0)
08-28 15:51:54.566 I/SurfaceFlinger(  923): operator()(), mtkRenderCntDebug 3928, screenshot (ForceBlack#0)
08-28 15:51:54.566 I/SurfaceFlinger(  923): operator()(), mtkRenderCntDebug 3928, screenshot (com.miui.securitycenter/.FloatingWindow#0)
08-28 15:51:54.606 D/MIUIInput( 1687): [MotionEvent] publisher action=0x4, 4524696, channel 'd2a2f6b DockAssistantView (server)'
08-28 15:51:54.606 D/MIUIInput( 1687): [MotionEvent] publisher action=0x4, 4524696, channel '9b5a481 NavigationBar0 (server)'
08-28 15:51:54.606 D/MIUIInput( 1687): [MotionEvent] publisher action=0x0, 4524696, channel '9352ecf com.android.settings/com.android.settings.Settings$DevelopmentSettingsDashboardActivity (server)'
08-28 15:51:54.606 I/SidebarCoverView(18032): onTouch : 4
08-28 15:51:54.607 I/DockFeature(18032): isSupportDock: isSupportFreeform=true	isPhone=true	isAboveMiui125=true	isSupportDock=true	isDevBuild=false
08-28 15:51:54.607 I/libPowerHal(  905): [perfLockAcq] idx:0 hdl:1661 hint:0 pid:905 duration:80 lock_user:mtkpower@1.0-se => ret_hdl:1661
08-28 15:51:54.608 I/libPowerHal(  905): INTERACTION: set gpu opp level max: 0
08-28 15:51:54.608 I/BufferQueueProducer(  923): [com.android.settings/com.android.settings.Settings$DevelopmentSettingsDashboardActivity#0](this:0xb40000717d6d18d0,id:-1,api:0,p:-1,c:923) queueBuffer: fps=55.19 dur=1014.61 max=49.89 min=16.44
08-28 15:51:54.608 D/SidebarTouchListener(18032): onTouch: 	action = 4	isLeftShow = true
08-28 15:51:54.608 I/libPowerHal(  905): [perfLockAcq] idx:1 hdl:1662 hint:0 pid:905 duration:80 lock_user:mtkpower@1.0-se => ret_hdl:1662
08-28 15:51:54.608 I/libPowerHal(  905): INTERACTION: set gpu opp level max: 0
08-28 15:51:54.609 I/hwcomposer(  894): [HWCDisplay] [Display_0 (type:1)] fps:55.176323,dur:1014.93,max:50.06,min:15.95  
08-28 15:51:54.613 E/Light   (  898): AmbienteLight: 476.000000
08-28 15:51:54.634 D/AAL     ( 1261): 08-28 03:51:54.569 BL= 507,ESS= 256, 08-28 03:51:54.586 BL= 506,ESS= 256, 
08-28 15:51:54.656 I/mtkpower_client( 1687): perf_lock_acq, hdl:1656, dur:2000, num:8, tid:1704
08-28 15:51:54.657 I/mtkpower_client( 1687): ret_hdl:1663
08-28 15:51:54.657 I/libPowerHal(  905): [perfLockAcq] idx:2 hdl:1663 hint:-1 pid:1687 duration:2000 lock_user:system_server => ret_hdl:1663
08-28 15:51:54.657 I/libPowerHal(  905): system_server: set gpu opp level max: 0
08-28 15:51:54.666 I/SurfaceFlinger(  923): operator()(), mtkRenderCntDebug 3929, screenshot (com.android.settings/com.android.settings.Settings$DevelopmentSettingsDashboardActivity#0)
08-28 15:51:54.666 I/SurfaceFlinger(  923): operator()(), mtkRenderCntDebug 3929, screenshot (ForceBlack#0)
08-28 15:51:54.666 I/SurfaceFlinger(  923): operator()(), mtkRenderCntDebug 3929, screenshot (com.miui.securitycenter/.FloatingWindow#0)
08-28 15:51:54.667 I/mtkpower@impl(  905): [powerd_req] TIMER_MSG_PERF_LOCK_TIMEOUT hdl:1605
08-28 15:51:54.667 I/libPowerHal(  905): [perfLockRel] hdl:1605, idx:3
08-28 15:51:54.688 I/mtkpower@impl(  905): [powerd_req] TIMER_MSG_PERF_LOCK_TIMEOUT hdl:1661
08-28 15:51:54.688 I/libPowerHal(  905): [perfLockRel] hdl:1661, idx:0
08-28 15:51:54.688 I/mtkpower@impl(  905): [powerd_req] TIMER_MSG_PERF_LOCK_TIMEOUT hdl:1662
08-28 15:51:54.688 I/libPowerHal(  905): [perfLockRel] hdl:1662, idx:1
08-28 15:51:54.714 I/libPowerHal(  905): [perfLockAcq] idx:0 hdl:1664 hint:0 pid:905 duration:80 lock_user:mtkpower@1.0-se => ret_hdl:1664
08-28 15:51:54.714 I/libPowerHal(  905): INTERACTION: set gpu opp level max: 0
08-28 15:51:54.715 I/libPowerHal(  905): [perfLockAcq] idx:1 hdl:1665 hint:0 pid:905 duration:80 lock_user:mtkpower@1.0-se => ret_hdl:1665
08-28 15:51:54.715 I/libPowerHal(  905): INTERACTION: set gpu opp level max: 0
08-28 15:51:54.766 I/SurfaceFlinger(  923): operator()(), mtkRenderCntDebug 3930, screenshot (com.android.settings/com.android.settings.Settings$DevelopmentSettingsDashboardActivity#0)
08-28 15:51:54.766 I/SurfaceFlinger(  923): operator()(), mtkRenderCntDebug 3930, screenshot (ForceBlack#0)
08-28 15:51:54.766 I/SurfaceFlinger(  923): operator()(), mtkRenderCntDebug 3930, screenshot (com.miui.securitycenter/.FloatingWindow#0)
08-28 15:51:54.794 I/mtkpower@impl(  905): [powerd_req] TIMER_MSG_PERF_LOCK_TIMEOUT hdl:1664
08-28 15:51:54.794 I/libPowerHal(  905): [perfLockRel] hdl:1664, idx:0
08-28 15:51:54.796 I/mtkpower@impl(  905): [powerd_req] TIMER_MSG_PERF_LOCK_TIMEOUT hdl:1665
08-28 15:51:54.796 I/libPowerHal(  905): [perfLockRel] hdl:1665, idx:1
08-28 15:51:54.822 I/libPowerHal(  905): [perfLockAcq] idx:0 hdl:1666 hint:0 pid:905 duration:80 lock_user:mtkpower@1.0-se => ret_hdl:1666
08-28 15:51:54.822 I/libPowerHal(  905): INTERACTION: set gpu opp level max: 0
08-28 15:51:54.823 I/libPowerHal(  905): [perfLockAcq] idx:1 hdl:1667 hint:0 pid:905 duration:80 lock_user:mtkpower@1.0-se => ret_hdl:1667
08-28 15:51:54.823 I/libPowerHal(  905): INTERACTION: set gpu opp level max: 0
08-28 15:51:54.866 I/SurfaceFlinger(  923): operator()(), mtkRenderCntDebug 3931, screenshot (com.android.settings/com.android.settings.Settings$DevelopmentSettingsDashboardActivity#0)
08-28 15:51:54.866 I/SurfaceFlinger(  923): operator()(), mtkRenderCntDebug 3931, screenshot (ForceBlack#0)
08-28 15:51:54.866 I/SurfaceFlinger(  923): operator()(), mtkRenderCntDebug 3931, screenshot (com.miui.securitycenter/.FloatingWindow#0)
08-28 15:51:54.901 D/AAL     ( 1261): 08-28 03:51:54.802 BL= 505,ESS= 256, 08-28 03:51:54.851 BL= 504,ESS= 256, 08-28 03:51:54.868 BL= 505,ESS= 256, 
08-28 15:51:54.902 I/mtkpower@impl(  905): [powerd_req] TIMER_MSG_PERF_LOCK_TIMEOUT hdl:1666
08-28 15:51:54.902 I/libPowerHal(  905): [perfLockRel] hdl:1666, idx:0
08-28 15:51:54.904 I/mtkpower@impl(  905): [powerd_req] TIMER_MSG_PERF_LOCK_TIMEOUT hdl:1667
08-28 15:51:54.904 I/libPowerHal(  905): [perfLockRel] hdl:1667, idx:1
08-28 15:51:54.921 D/MIUIInput( 1687): [MotionEvent] publisher action=0x1, 4525011, channel '9352ecf com.android.settings/com.android.settings.Settings$DevelopmentSettingsDashboardActivity (server)'
08-28 15:51:54.922 I/mtkpower_client( 1687): perf_lock_rel, hdl:1663, tid:1704
08-28 15:51:54.922 I/libPowerHal(  905): [perfLockRel] hdl:1663, idx:2
08-28 15:51:54.923 I/libPowerHal(  905): system_server: cpu_ctrl set cpu freq: -1 -1 -1 -1
08-28 15:51:54.923 I/libPowerHal(  905): system_server: set gpu opp level: 31
08-28 15:51:54.923 I/libPowerHal(  905): system_server: set gpu opp level max: 0
08-28 15:51:54.923 I/libPowerHal(  905): [PD] system_server update cmd:1000000, param:-1
08-28 15:51:54.923 I/libPowerHal(  905): [PD] system_server update cmd:1000000 param:-1
08-28 15:51:54.947 E/Light   (  898): AmbienteLight: 476.000000
08-28 15:51:54.968 I/SurfaceFlinger(  923): operator()(), mtkRenderCntDebug 3932, screenshot (com.android.settings/com.android.settings.Settings$DevelopmentSettingsDashboardActivity#0)
08-28 15:51:54.968 I/SurfaceFlinger(  923): operator()(), mtkRenderCntDebug 3932, screenshot (ForceBlack#0)
08-28 15:51:54.968 I/SurfaceFlinger(  923): operator()(), mtkRenderCntDebug 3932, screenshot (com.miui.securitycenter/.FloatingWindow#0)
08-28 15:51:55.001 I/thermal_repeater( 1246): [recvMdThermalInfo] ret=27, strLen=127,  1, 32767,,, 196, 32767, -1
08-28 15:51:55.043 I/libPerfCtl(  905): xgfGetFPS pid:9773 fps:56
08-28 15:51:55.139 D/MIUIInput( 1687): [MotionEvent] publisher action=0x4, 4525228, channel 'd2a2f6b DockAssistantView (server)'
08-28 15:51:55.140 D/MIUIInput( 1687): [MotionEvent] publisher action=0x4, 4525228, channel '9b5a481 NavigationBar0 (server)'
08-28 15:51:55.140 D/MIUIInput( 1687): [MotionEvent] publisher action=0x0, 4525228, channel '9352ecf com.android.settings/com.android.settings.Settings$DevelopmentSettingsDashboardActivity (server)'
08-28 15:51:55.140 I/SidebarCoverView(18032): onTouch : 4
08-28 15:51:55.141 I/DockFeature(18032): isSupportDock: isSupportFreeform=true	isPhone=true	isAboveMiui125=true	isSupportDock=true	isDevBuild=false
08-28 15:51:55.141 I/BufferQueueProducer(  923): [StatusBar#0](this:0xb40000717dd558d0,id:-1,api:0,p:-1,c:923) queueBuffer: fps=0.11 dur=9047.22 max=9047.22 min=9047.22
08-28 15:51:55.144 I/libPowerHal(  905): [perfLockAcq] idx:0 hdl:1668 hint:0 pid:905 duration:80 lock_user:mtkpower@1.0-se => ret_hdl:1668
08-28 15:51:55.144 I/libPowerHal(  905): INTERACTION: set gpu opp level: 0
08-28 15:51:55.144 I/libPowerHal(  905): INTERACTION: set gpu opp level max: 0
08-28 15:51:55.145 I/libPowerHal(  905): INTERACTION: cpu_ctrl set cpu freq: 1800000 -1 2000000 -1
08-28 15:51:55.146 D/SidebarTouchListener(18032): onTouch: 	action = 4	isLeftShow = true
08-28 15:51:55.146 I/libPowerHal(  905): [perfLockAcq] idx:1 hdl:1669 hint:0 pid:905 duration:80 lock_user:mtkpower@1.0-se => ret_hdl:1669
08-28 15:51:55.146 I/libPowerHal(  905): INTERACTION: set gpu opp level max: 0
08-28 15:51:55.147 I/SurfaceFlinger(  923): operator()(), mtkRenderCntDebug 3933, screenshot (com.android.settings/com.android.settings.Settings$DevelopmentSettingsDashboardActivity#0)
08-28 15:51:55.147 I/SurfaceFlinger(  923): operator()(), mtkRenderCntDebug 3933, screenshot (ForceBlack#0)
08-28 15:51:55.147 I/SurfaceFlinger(  923): operator()(), mtkRenderCntDebug 3933, screenshot (com.miui.securitycenter/.FloatingWindow#0)
08-28 15:51:55.205 I/mtkpower_client( 1687): perf_lock_acq, hdl:1663, dur:2000, num:8, tid:1704
08-28 15:51:55.206 I/mtkpower_client( 1687): ret_hdl:1670
08-28 15:51:55.206 I/libPowerHal(  905): [perfLockAcq] idx:2 hdl:1670 hint:-1 pid:1687 duration:2000 lock_user:system_server => ret_hdl:1670
08-28 15:51:55.206 I/libPowerHal(  905): system_server: set gpu opp level max: 0
08-28 15:51:55.206 I/libPowerHal(  905): [PE] system_server update cmd:1000000, param:0
08-28 15:51:55.206 I/libPowerHal(  905): [PE] system_server update cmd:1000000 param:0
08-28 15:51:55.225 I/mtkpower@impl(  905): [powerd_req] TIMER_MSG_PERF_LOCK_TIMEOUT hdl:1668
08-28 15:51:55.225 I/libPowerHal(  905): [perfLockRel] hdl:1668, idx:0
08-28 15:51:55.226 I/mtkpower@impl(  905): [powerd_req] TIMER_MSG_PERF_LOCK_TIMEOUT hdl:1669
08-28 15:51:55.226 I/libPowerHal(  905): [perfLockRel] hdl:1669, idx:1
08-28 15:51:55.246 I/libPowerHal(  905): [perfLockAcq] idx:0 hdl:1671 hint:0 pid:905 duration:80 lock_user:mtkpower@1.0-se => ret_hdl:1671
08-28 15:51:55.247 I/libPowerHal(  905): INTERACTION: set gpu opp level max: 0
08-28 15:51:55.247 I/SurfaceFlinger(  923): operator()(), mtkRenderCntDebug 3934, screenshot (com.android.settings/com.android.settings.Settings$DevelopmentSettingsDashboardActivity#0)
08-28 15:51:55.247 I/SurfaceFlinger(  923): operator()(), mtkRenderCntDebug 3934, screenshot (ForceBlack#0)
08-28 15:51:55.247 I/libPowerHal(  905): [perfLockAcq] idx:1 hdl:1672 hint:0 pid:905 duration:80 lock_user:mtkpower@1.0-se => ret_hdl:1672
08-28 15:51:55.247 I/libPowerHal(  905): INTERACTION: set gpu opp level max: 0
08-28 15:51:55.247 I/SurfaceFlinger(  923): operator()(), mtkRenderCntDebug 3934, screenshot (com.miui.securitycenter/.FloatingWindow#0)
08-28 15:51:55.280 E/Light   (  898): AmbienteLight: 476.000000
08-28 15:51:55.327 I/mtkpower@impl(  905): [powerd_req] TIMER_MSG_PERF_LOCK_TIMEOUT hdl:1671
08-28 15:51:55.328 I/libPowerHal(  905): [perfLockRel] hdl:1671, idx:0
08-28 15:51:55.328 I/mtkpower@impl(  905): [powerd_req] TIMER_MSG_PERF_LOCK_TIMEOUT hdl:1672
08-28 15:51:55.328 I/libPowerHal(  905): [perfLockRel] hdl:1672, idx:1
08-28 15:51:55.347 I/SurfaceFlinger(  923): operator()(), mtkRenderCntDebug 3935, screenshot (com.android.settings/com.android.settings.Settings$DevelopmentSettingsDashboardActivity#0)
08-28 15:51:55.347 I/SurfaceFlinger(  923): operator()(), mtkRenderCntDebug 3935, screenshot (ForceBlack#0)
08-28 15:51:55.347 I/SurfaceFlinger(  923): operator()(), mtkRenderCntDebug 3935, screenshot (com.miui.securitycenter/.FloatingWindow#0)
08-28 15:51:55.356 I/libPowerHal(  905): [perfLockAcq] idx:0 hdl:1673 hint:0 pid:905 duration:80 lock_user:mtkpower@1.0-se => ret_hdl:1673
08-28 15:51:55.356 I/libPowerHal(  905): INTERACTION: set gpu opp level max: 0
08-28 15:51:55.356 I/libPowerHal(  905): [perfLockAcq] idx:1 hdl:1674 hint:0 pid:905 duration:80 lock_user:mtkpower@1.0-se => ret_hdl:1674
08-28 15:51:55.356 I/libPowerHal(  905): INTERACTION: set gpu opp level max: 0
08-28 15:51:55.400 D/AAL     ( 1261): 08-28 03:51:55.367 BL= 504,ESS= 256, 
08-28 15:51:55.416 D/AAL     ( 1261): 08-28 03:51:55.400 BL= 505,ESS= 256, 
08-28 15:51:55.420 D/MIUIInput( 1687): [MotionEvent] publisher action=0x1, 4525511, channel '9352ecf com.android.settings/com.android.settings.Settings$DevelopmentSettingsDashboardActivity (server)'
08-28 15:51:55.421 I/mtkpower_client( 1687): perf_lock_acq, hdl:1605, dur:110, num:8, tid:1704
08-28 15:51:55.422 I/mtkpower_client( 1687): ret_hdl:1675
08-28 15:51:55.422 I/libPowerHal(  905): [perfLockAcq] idx:3 hdl:1675 hint:-1 pid:1687 duration:110 lock_user:system_server => ret_hdl:1675
08-28 15:51:55.422 I/libPowerHal(  905): system_server: set gpu opp level max: 0
08-28 15:51:55.422 I/mtkpower_client( 1687): perf_lock_rel, hdl:1670, tid:1704
08-28 15:51:55.423 I/libPowerHal(  905): [perfLockRel] hdl:1670, idx:2
08-28 15:51:55.436 I/mtkpower@impl(  905): [powerd_req] TIMER_MSG_PERF_LOCK_TIMEOUT hdl:1673
08-28 15:51:55.436 I/libPowerHal(  905): [perfLockRel] hdl:1673, idx:0
08-28 15:51:55.436 I/mtkpower@impl(  905): [powerd_req] TIMER_MSG_PERF_LOCK_TIMEOUT hdl:1674
08-28 15:51:55.436 I/libPowerHal(  905): [perfLockRel] hdl:1674, idx:1
08-28 15:51:55.447 I/SurfaceFlinger(  923): operator()(), mtkRenderCntDebug 3936, screenshot (com.android.settings/com.android.settings.Settings$DevelopmentSettingsDashboardActivity#0)
08-28 15:51:55.447 I/SurfaceFlinger(  923): operator()(), mtkRenderCntDebug 3936, screenshot (ForceBlack#0)
08-28 15:51:55.447 I/SurfaceFlinger(  923): operator()(), mtkRenderCntDebug 3936, screenshot (com.miui.securitycenter/.FloatingWindow#0)
08-28 15:51:55.532 I/mtkpower@impl(  905): [powerd_req] TIMER_MSG_PERF_LOCK_TIMEOUT hdl:1675
08-28 15:51:55.532 I/libPowerHal(  905): [perfLockRel] hdl:1675, idx:3
08-28 15:51:55.532 I/libPowerHal(  905): system_server: cpu_ctrl set cpu freq: -1 -1 -1 -1
08-28 15:51:55.533 I/libPowerHal(  905): system_server: set gpu opp level: 31
08-28 15:51:55.533 I/libPowerHal(  905): system_server: set gpu opp level max: 0
08-28 15:51:55.533 I/libPowerHal(  905): [PD] system_server update cmd:1000000, param:-1
08-28 15:51:55.534 I/libPowerHal(  905): [PD] system_server update cmd:1000000 param:-1
08-28 15:51:55.548 I/SurfaceFlinger(  923): operator()(), mtkRenderCntDebug 3937, screenshot (com.android.settings/com.android.settings.Settings$DevelopmentSettingsDashboardActivity#0)
08-28 15:51:55.549 I/SurfaceFlinger(  923): operator()(), mtkRenderCntDebug 3937, screenshot (ForceBlack#0)
08-28 15:51:55.549 I/SurfaceFlinger(  923): operator()(), mtkRenderCntDebug 3937, screenshot (com.miui.securitycenter/.FloatingWindow#0)
08-28 15:51:55.613 E/Light   (  898): AmbienteLight: 474.000000
08-28 15:51:55.623 I/BufferQueueProducer(  923): [com.android.settings/com.android.settings.Settings$DevelopmentSettingsDashboardActivity#0](this:0xb40000717d6d18d0,id:-1,api:0,p:-1,c:923) queueBuffer: fps=41.37 dur=1015.31 max=216.48 min=16.43
08-28 15:51:55.626 I/hwcomposer(  894): [HWCDisplay] [Display_0 (type:1)] fps:42.292503,dur:1016.73,max:184.48,min:16.15  
08-28 15:51:55.649 I/SurfaceFlinger(  923): operator()(), mtkRenderCntDebug 3938, screenshot (com.android.settings/com.android.settings.Settings$DevelopmentSettingsDashboardActivity#0)
08-28 15:51:55.649 I/SurfaceFlinger(  923): operator()(), mtkRenderCntDebug 3938, screenshot (ForceBlack#0)
08-28 15:51:55.649 I/SurfaceFlinger(  923): operator()(), mtkRenderCntDebug 3938, screenshot (com.miui.securitycenter/.FloatingWindow#0)
08-28 15:51:55.679 D/MIUIInput( 1687): [MotionEvent] publisher action=0x4, 4525769, channel 'd2a2f6b DockAssistantView (server)'
08-28 15:51:55.680 D/MIUIInput( 1687): [MotionEvent] publisher action=0x4, 4525769, channel '9b5a481 NavigationBar0 (server)'
08-28 15:51:55.680 D/MIUIInput( 1687): [MotionEvent] publisher action=0x0, 4525769, channel '9352ecf com.android.settings/com.android.settings.Settings$DevelopmentSettingsDashboardActivity (server)'
08-28 15:51:55.680 I/SidebarCoverView(18032): onTouch : 4
08-28 15:51:55.681 I/DockFeature(18032): isSupportDock: isSupportFreeform=true	isPhone=true	isAboveMiui125=true	isSupportDock=true	isDevBuild=false
08-28 15:51:55.683 D/SidebarTouchListener(18032): onTouch: 	action = 4	isLeftShow = true
08-28 15:51:55.683 I/libPowerHal(  905): [perfLockAcq] idx:0 hdl:1676 hint:0 pid:905 duration:80 lock_user:mtkpower@1.0-se => ret_hdl:1676
08-28 15:51:55.683 I/libPowerHal(  905): INTERACTION: set gpu opp level: 0
08-28 15:51:55.683 I/libPowerHal(  905): INTERACTION: set gpu opp level max: 0
08-28 15:51:55.684 I/libPowerHal(  905): INTERACTION: cpu_ctrl set cpu freq: 1800000 -1 2000000 -1
08-28 15:51:55.685 I/libPowerHal(  905): [perfLockAcq] idx:1 hdl:1677 hint:0 pid:905 duration:80 lock_user:mtkpower@1.0-se => ret_hdl:1677
08-28 15:51:55.685 I/libPowerHal(  905): INTERACTION: set gpu opp level max: 0
08-28 15:51:55.721 I/mtkpower_client( 1687): perf_lock_acq, hdl:1670, dur:2000, num:8, tid:1704
08-28 15:51:55.721 I/mtkpower_client( 1687): ret_hdl:1678
08-28 15:51:55.721 I/libPowerHal(  905): [perfLockAcq] idx:2 hdl:1678 hint:-1 pid:1687 duration:2000 lock_user:system_server => ret_hdl:1678
08-28 15:51:55.721 I/libPowerHal(  905): system_server: set gpu opp level max: 0
08-28 15:51:55.722 I/libPowerHal(  905): [PE] system_server update cmd:1000000, param:0
08-28 15:51:55.722 I/libPowerHal(  905): [PE] system_server update cmd:1000000 param:0
08-28 15:51:55.748 I/SurfaceFlinger(  923): operator()(), mtkRenderCntDebug 3939, screenshot (com.android.settings/com.android.settings.Settings$DevelopmentSettingsDashboardActivity#0)
08-28 15:51:55.748 I/SurfaceFlinger(  923): operator()(), mtkRenderCntDebug 3939, screenshot (ForceBlack#0)
08-28 15:51:55.748 I/SurfaceFlinger(  923): operator()(), mtkRenderCntDebug 3939, screenshot (com.miui.securitycenter/.FloatingWindow#0)
08-28 15:51:55.764 I/mtkpower@impl(  905): [powerd_req] TIMER_MSG_PERF_LOCK_TIMEOUT hdl:1676
08-28 15:51:55.764 I/libPowerHal(  905): [perfLockRel] hdl:1676, idx:0
08-28 15:51:55.765 D/AAL     ( 1261): 08-28 03:51:55.733 BL= 504,ESS= 256, 
08-28 15:51:55.766 I/mtkpower@impl(  905): [powerd_req] TIMER_MSG_PERF_LOCK_TIMEOUT hdl:1677
08-28 15:51:55.766 I/libPowerHal(  905): [perfLockRel] hdl:1677, idx:1
08-28 15:51:55.787 I/libPowerHal(  905): [perfLockAcq] idx:0 hdl:1679 hint:0 pid:905 duration:80 lock_user:mtkpower@1.0-se => ret_hdl:1679
08-28 15:51:55.787 I/libPowerHal(  905): INTERACTION: set gpu opp level max: 0
08-28 15:51:55.788 I/libPowerHal(  905): [perfLockAcq] idx:1 hdl:1680 hint:0 pid:905 duration:80 lock_user:mtkpower@1.0-se => ret_hdl:1680
08-28 15:51:55.788 I/libPowerHal(  905): INTERACTION: set gpu opp level max: 0
08-28 15:51:55.848 I/SurfaceFlinger(  923): operator()(), mtkRenderCntDebug 3940, screenshot (com.android.settings/com.android.settings.Settings$DevelopmentSettingsDashboardActivity#0)
08-28 15:51:55.849 I/SurfaceFlinger(  923): operator()(), mtkRenderCntDebug 3940, screenshot (ForceBlack#0)
08-28 15:51:55.849 I/SurfaceFlinger(  923): operator()(), mtkRenderCntDebug 3940, screenshot (com.miui.securitycenter/.FloatingWindow#0)
08-28 15:51:55.867 I/mtkpower@impl(  905): [powerd_req] TIMER_MSG_PERF_LOCK_TIMEOUT hdl:1679
08-28 15:51:55.867 I/libPowerHal(  905): [perfLockRel] hdl:1679, idx:0
08-28 15:51:55.868 I/mtkpower@impl(  905): [powerd_req] TIMER_MSG_PERF_LOCK_TIMEOUT hdl:1680
08-28 15:51:55.868 I/libPowerHal(  905): [perfLockRel] hdl:1680, idx:1
08-28 15:51:55.895 I/libPowerHal(  905): [perfLockAcq] idx:0 hdl:1681 hint:0 pid:905 duration:80 lock_user:mtkpower@1.0-se => ret_hdl:1681
08-28 15:51:55.895 I/libPowerHal(  905): INTERACTION: set gpu opp level max: 0
08-28 15:51:55.896 I/libPowerHal(  905): [perfLockAcq] idx:1 hdl:1682 hint:0 pid:905 duration:80 lock_user:mtkpower@1.0-se => ret_hdl:1682
08-28 15:51:55.896 I/libPowerHal(  905): INTERACTION: set gpu opp level max: 0
08-28 15:51:55.915 D/AAL     ( 1261): 08-28 03:51:55.833 BL= 505,ESS= 256, 08-28 03:51:55.850 BL= 506,ESS= 256, 
08-28 15:51:55.944 D/MIUIInput( 1687): [MotionEvent] publisher action=0x1, 4526034, channel '9352ecf com.android.settings/com.android.settings.Settings$DevelopmentSettingsDashboardActivity (server)'
08-28 15:51:55.945 I/mtkpower_client( 1687): perf_lock_acq, hdl:1675, dur:194, num:8, tid:1704
08-28 15:51:55.945 I/mtkpower_client( 1687): ret_hdl:1683
08-28 15:51:55.945 I/libPowerHal(  905): [perfLockAcq] idx:3 hdl:1683 hint:-1 pid:1687 duration:194 lock_user:system_server => ret_hdl:1683
08-28 15:51:55.945 I/libPowerHal(  905): system_server: set gpu opp level max: 0
08-28 15:51:55.945 I/mtkpower_client( 1687): perf_lock_rel, hdl:1678, tid:1704
08-28 15:51:55.946 I/libPowerHal(  905): [perfLockRel] hdl:1678, idx:2
08-28 15:51:55.946 E/Light   (  898): AmbienteLight: 476.000000
08-28 15:51:55.949 I/SurfaceFlinger(  923): operator()(), mtkRenderCntDebug 3941, screenshot (com.android.settings/com.android.settings.Settings$DevelopmentSettingsDashboardActivity#0)
08-28 15:51:55.949 I/SurfaceFlinger(  923): operator()(), mtkRenderCntDebug 3941, screenshot (ForceBlack#0)
08-28 15:51:55.949 I/SurfaceFlinger(  923): operator()(), mtkRenderCntDebug 3941, screenshot (com.miui.securitycenter/.FloatingWindow#0)
08-28 15:51:55.975 I/mtkpower@impl(  905): [powerd_req] TIMER_MSG_PERF_LOCK_TIMEOUT hdl:1681
08-28 15:51:55.975 I/libPowerHal(  905): [perfLockRel] hdl:1681, idx:0
08-28 15:51:55.977 I/mtkpower@impl(  905): [powerd_req] TIMER_MSG_PERF_LOCK_TIMEOUT hdl:1682
08-28 15:51:55.977 I/libPowerHal(  905): [perfLockRel] hdl:1682, idx:1
08-28 15:51:55.998 D/AAL     ( 1261): 08-28 03:51:55.982 BL= 507,ESS= 256, 
08-28 15:51:56.043 I/libPerfCtl(  905): xgfGetFPS pid:6153 fps:-1
08-28 15:51:56.043 I/libPerfCtl(  905): xgfGetFPS pid:9773 fps:54
08-28 15:51:56.049 I/SurfaceFlinger(  923): operator()(), mtkRenderCntDebug 3942, screenshot (com.android.settings/com.android.settings.Settings$DevelopmentSettingsDashboardActivity#0)
08-28 15:51:56.049 I/SurfaceFlinger(  923): operator()(), mtkRenderCntDebug 3942, screenshot (ForceBlack#0)
08-28 15:51:56.049 I/SurfaceFlinger(  923): operator()(), mtkRenderCntDebug 3942, screenshot (com.miui.securitycenter/.FloatingWindow#0)
08-28 15:51:56.065 D/AAL     ( 1261): 08-28 03:51:56.049 BL= 506,ESS= 256, 
08-28 15:51:56.139 I/mtkpower@impl(  905): [powerd_req] TIMER_MSG_PERF_LOCK_TIMEOUT hdl:1683
08-28 15:51:56.139 I/libPowerHal(  905): [perfLockRel] hdl:1683, idx:3
08-28 15:51:56.140 I/libPowerHal(  905): system_server: cpu_ctrl set cpu freq: -1 -1 -1 -1
08-28 15:51:56.140 I/libPowerHal(  905): system_server: set gpu opp level: 31
08-28 15:51:56.140 I/libPowerHal(  905): system_server: set gpu opp level max: 0
08-28 15:51:56.140 I/libPowerHal(  905): [PD] system_server update cmd:1000000, param:-1
08-28 15:51:56.141 I/libPowerHal(  905): [PD] system_server update cmd:1000000 param:-1
08-28 15:51:56.150 I/SurfaceFlinger(  923): operator()(), mtkRenderCntDebug 3943, screenshot (com.android.settings/com.android.settings.Settings$DevelopmentSettingsDashboardActivity#0)
08-28 15:51:56.150 I/SurfaceFlinger(  923): operator()(), mtkRenderCntDebug 3943, screenshot (ForceBlack#0)
08-28 15:51:56.151 I/SurfaceFlinger(  923): operator()(), mtkRenderCntDebug 3943, screenshot (com.miui.securitycenter/.FloatingWindow#0)
08-28 15:51:56.165 D/AAL     ( 1261): 08-28 03:51:56.150 BL= 507,ESS= 256, 
08-28 15:51:56.251 I/SurfaceFlinger(  923): operator()(), mtkRenderCntDebug 3944, screenshot (com.android.settings/com.android.settings.Settings$DevelopmentSettingsDashboardActivity#0)
08-28 15:51:56.251 I/SurfaceFlinger(  923): operator()(), mtkRenderCntDebug 3944, screenshot (ForceBlack#0)
08-28 15:51:56.251 I/SurfaceFlinger(  923): operator()(), mtkRenderCntDebug 3944, screenshot (com.miui.securitycenter/.FloatingWindow#0)
08-28 15:51:56.280 E/Light   (  898): AmbienteLight: 477.000000
08-28 15:51:56.351 I/SurfaceFlinger(  923): operator()(), mtkRenderCntDebug 3945, screenshot (com.android.settings/com.android.settings.Settings$DevelopmentSettingsDashboardActivity#0)
08-28 15:51:56.351 I/SurfaceFlinger(  923): operator()(), mtkRenderCntDebug 3945, screenshot (ForceBlack#0)
08-28 15:51:56.351 I/SurfaceFlinger(  923): operator()(), mtkRenderCntDebug 3945, screenshot (com.miui.securitycenter/.FloatingWindow#0)
08-28 15:51:56.451 I/SurfaceFlinger(  923): operator()(), mtkRenderCntDebug 3946, screenshot (com.android.settings/com.android.settings.Settings$DevelopmentSettingsDashboardActivity#0)
08-28 15:51:56.452 I/SurfaceFlinger(  923): operator()(), mtkRenderCntDebug 3946, screenshot (ForceBlack#0)
08-28 15:51:56.452 I/SurfaceFlinger(  923): operator()(), mtkRenderCntDebug 3946, screenshot (com.miui.securitycenter/.FloatingWindow#0)
08-28 15:51:56.551 I/SurfaceFlinger(  923): operator()(), mtkRenderCntDebug 3947, screenshot (com.android.settings/com.android.settings.Settings$DevelopmentSettingsDashboardActivity#0)
08-28 15:51:56.552 I/SurfaceFlinger(  923): operator()(), mtkRenderCntDebug 3947, screenshot (ForceBlack#0)
08-28 15:51:56.552 I/SurfaceFlinger(  923): operator()(), mtkRenderCntDebug 3947, screenshot (com.miui.securitycenter/.FloatingWindow#0)
08-28 15:51:56.613 E/Light   (  898): AmbienteLight: 480.000000
08-28 15:51:56.638 I/BufferQueueProducer(  923): [com.android.settings/com.android.settings.Settings$DevelopmentSettingsDashboardActivity#0](this:0xb40000717d6d18d0,id:-1,api:0,p:-1,c:923) queueBuffer: fps=60.12 dur=1014.63 max=21.01 min=12.03
08-28 15:51:56.640 I/hwcomposer(  894): [HWCDisplay] [Display_0 (type:1)] fps:60.110512,dur:1014.80,max:21.66,min:11.41  
08-28 15:51:56.661 I/SurfaceFlinger(  923): operator()(), mtkRenderCntDebug 3948, screenshot (com.android.settings/com.android.settings.Settings$DevelopmentSettingsDashboardActivity#0)
08-28 15:51:56.661 I/SurfaceFlinger(  923): operator()(), mtkRenderCntDebug 3948, screenshot (ForceBlack#0)
08-28 15:51:56.662 I/SurfaceFlinger(  923): operator()(), mtkRenderCntDebug 3948, screenshot (com.miui.securitycenter/.FloatingWindow#0)
08-28 15:51:56.692 D/CarrierConfigLoader( 2168): getConfigForSubIdWithFeature: subscriptionId=7, phoneId=1
08-28 15:51:56.694 D/MIUIInput( 1687): [MotionEvent] publisher action=0x4, 4526783, channel 'd2a2f6b DockAssistantView (server)'
08-28 15:51:56.695 D/MIUIInput( 1687): [MotionEvent] publisher action=0x4, 4526783, channel '9b5a481 NavigationBar0 (server)'
08-28 15:51:56.695 I/SidebarCoverView(18032): onTouch : 4
08-28 15:51:56.695 D/MIUIInput( 1687): [MotionEvent] publisher action=0x0, 4526783, channel '9352ecf com.android.settings/com.android.settings.Settings$DevelopmentSettingsDashboardActivity (server)'
08-28 15:51:56.696 I/DockFeature(18032): isSupportDock: isSupportFreeform=true	isPhone=true	isAboveMiui125=true	isSupportDock=true	isDevBuild=false
08-28 15:51:56.697 I/libPowerHal(  905): [perfLockAcq] idx:0 hdl:1684 hint:0 pid:905 duration:80 lock_user:mtkpower@1.0-se => ret_hdl:1684
08-28 15:51:56.697 I/libPowerHal(  905): INTERACTION: set gpu opp level: 0
08-28 15:51:56.697 I/libPowerHal(  905): INTERACTION: set gpu opp level max: 0
08-28 15:51:56.698 I/libPowerHal(  905): INTERACTION: cpu_ctrl set cpu freq: 1800000 -1 2000000 -1
08-28 15:51:56.698 I/libPowerHal(  905): [perfLockAcq] idx:1 hdl:1685 hint:0 pid:905 duration:80 lock_user:mtkpower@1.0-se => ret_hdl:1685
08-28 15:51:56.699 I/libPowerHal(  905): INTERACTION: set gpu opp level max: 0
08-28 15:51:56.699 D/SidebarTouchListener(18032): onTouch: 	action = 4	isLeftShow = true
08-28 15:51:56.706 D/NetworkController.MobileSignalController(7)( 6153): update5GConnectState: false
08-28 15:51:56.706 D/NetworkController.MobileSignalController(7)( 6153): NotQcom5G, signal level = 5
08-28 15:51:56.751 D/MIUIInput( 1687): [MotionEvent] publisher action=0x1, 4526841, channel '9352ecf com.android.settings/com.android.settings.Settings$DevelopmentSettingsDashboardActivity (server)'
08-28 15:51:56.760 I/SurfaceFlinger(  923): operator()(), mtkRenderCntDebug 3949, screenshot (com.android.settings/com.android.settings.Settings$DevelopmentSettingsDashboardActivity#0)
08-28 15:51:56.760 I/SurfaceFlinger(  923): operator()(), mtkRenderCntDebug 3949, screenshot (ForceBlack#0)
08-28 15:51:56.761 I/SurfaceFlinger(  923): operator()(), mtkRenderCntDebug 3949, screenshot (com.miui.securitycenter/.FloatingWindow#0)
08-28 15:51:56.778 I/mtkpower@impl(  905): [powerd_req] TIMER_MSG_PERF_LOCK_TIMEOUT hdl:1684
08-28 15:51:56.778 I/libPowerHal(  905): [perfLockRel] hdl:1684, idx:0
08-28 15:51:56.778 I/mtkpower@impl(  905): [powerd_req] TIMER_MSG_PERF_LOCK_TIMEOUT hdl:1685
08-28 15:51:56.778 I/libPowerHal(  905): [perfLockRel] hdl:1685, idx:1
08-28 15:51:56.779 I/libPowerHal(  905): INTERACTION: cpu_ctrl set cpu freq: -1 -1 -1 -1
08-28 15:51:56.779 I/libPowerHal(  905): INTERACTION: set gpu opp level: 31
08-28 15:51:56.779 I/libPowerHal(  905): INTERACTION: set gpu opp level max: 0
08-28 15:51:56.862 I/SurfaceFlinger(  923): operator()(), mtkRenderCntDebug 3950, screenshot (com.android.settings/com.android.settings.Settings$DevelopmentSettingsDashboardActivity#0)
08-28 15:51:56.862 I/SurfaceFlinger(  923): operator()(), mtkRenderCntDebug 3950, screenshot (ForceBlack#0)
08-28 15:51:56.862 I/SurfaceFlinger(  923): operator()(), mtkRenderCntDebug 3950, screenshot (com.miui.securitycenter/.FloatingWindow#0)
08-28 15:51:56.886 D/MIUIInput( 1687): [MotionEvent] publisher action=0x4, 4526975, channel 'd2a2f6b DockAssistantView (server)'
08-28 15:51:56.886 D/MIUIInput( 1687): [MotionEvent] publisher action=0x4, 4526975, channel '9b5a481 NavigationBar0 (server)'
08-28 15:51:56.886 D/MIUIInput( 1687): [MotionEvent] publisher action=0x0, 4526975, channel '9352ecf com.android.settings/com.android.settings.Settings$DevelopmentSettingsDashboardActivity (server)'
08-28 15:51:56.886 I/SidebarCoverView(18032): onTouch : 4
08-28 15:51:56.888 I/DockFeature(18032): isSupportDock: isSupportFreeform=true	isPhone=true	isAboveMiui125=true	isSupportDock=true	isDevBuild=false
08-28 15:51:56.890 I/libPowerHal(  905): [perfLockAcq] idx:0 hdl:1686 hint:0 pid:905 duration:80 lock_user:mtkpower@1.0-se => ret_hdl:1686
08-28 15:51:56.890 I/libPowerHal(  905): INTERACTION: set gpu opp level: 0
08-28 15:51:56.891 I/libPowerHal(  905): INTERACTION: set gpu opp level max: 0
08-28 15:51:56.892 I/libPowerHal(  905): INTERACTION: cpu_ctrl set cpu freq: 1800000 -1 2000000 -1
08-28 15:51:56.893 I/libPowerHal(  905): [perfLockAcq] idx:1 hdl:1687 hint:0 pid:905 duration:80 lock_user:mtkpower@1.0-se => ret_hdl:1687
08-28 15:51:56.893 I/libPowerHal(  905): INTERACTION: set gpu opp level max: 0
08-28 15:51:56.893 D/SidebarTouchListener(18032): onTouch: 	action = 4	isLeftShow = true
08-28 15:51:56.933 D/MIUIInput( 1687): [MotionEvent] publisher action=0x1, 4527023, channel '9352ecf com.android.settings/com.android.settings.Settings$DevelopmentSettingsDashboardActivity (server)'
08-28 15:51:56.946 E/Light   (  898): AmbienteLight: 478.000000
08-28 15:51:56.958 I/ActivityTaskManager( 1687): START u0 {cmp=com.android.settings/.bootloader.BootloaderStatusActivity} from uid 1000 from pid 9773 callingPackage com.android.settings
08-28 15:51:56.961 I/SurfaceFlinger(  923): operator()(), mtkRenderCntDebug 3951, screenshot (com.android.settings/com.android.settings.Settings$DevelopmentSettingsDashboardActivity#0)
08-28 15:51:56.961 I/SurfaceFlinger(  923): operator()(), mtkRenderCntDebug 3951, screenshot (ForceBlack#0)
08-28 15:51:56.961 I/SurfaceFlinger(  923): operator()(), mtkRenderCntDebug 3951, screenshot (com.miui.securitycenter/.FloatingWindow#0)
08-28 15:51:56.967 I/mtkpower@impl(  905): [setMode] type:5, enabled:1
08-28 15:51:56.968 I/libPowerHal(  905): [perfLockAcq] idx:2 hdl:1688 hint:11 pid:905 duration:30000 lock_user:mtkpower@1.0-se => ret_hdl:1688
08-28 15:51:56.968 I/libPowerHal(  905): [PE] LAUNCH update cmd:1000000, param:0
08-28 15:51:56.968 I/libPowerHal(  905): [PE] LAUNCH update cmd:1408300, param:100
08-28 15:51:56.969 I/libPowerHal(  905): [PE] LAUNCH update cmd:1000000 param:0
08-28 15:51:56.970 I/mtkpower_client( 1687): perf_lock_acq, hdl:1587, dur:600, num:10, tid:2357
08-28 15:51:56.970 I/mtkpower_client( 1687): ret_hdl:1689
08-28 15:51:56.971 I/libPowerHal(  905): [perfLockAcq] idx:3 hdl:1689 hint:-1 pid:1687 duration:600 lock_user:system_server => ret_hdl:1689
08-28 15:51:56.971 I/libPowerHal(  905): system_server: set gpu opp level max: 0
08-28 15:51:56.972 I/mtkpower@impl(  905): [powerd_req] TIMER_MSG_PERF_LOCK_TIMEOUT hdl:1686
08-28 15:51:56.972 I/libPowerHal(  905): [perfLockRel] hdl:1686, idx:0
08-28 15:51:56.973 I/PowerHalWrapper( 1687): <amsBoostResume> last:com.android.settings, next:com.android.settings 
08-28 15:51:56.973 I/mtkpower@impl(  905): [powerd_req] TIMER_MSG_PERF_LOCK_TIMEOUT hdl:1687
08-28 15:51:56.973 I/libPowerHal(  905): [perfLockRel] hdl:1687, idx:1
08-28 15:51:56.974 I/libPowerHal(  905): [perfLockAcq] idx:0 hdl:1690 hint:23 pid:905 duration:10000 lock_user:mtkpower@1.0-se => ret_hdl:1690
08-28 15:51:56.988 D/FiveGViceSAPreferenceController( 9773): onPause
08-28 15:51:56.991 I/mtkpower_client( 1687): perf_lock_acq, hdl:1689, dur:600, num:10, tid:3933
08-28 15:51:56.991 I/mtkpower_client( 1687): ret_hdl:1689
08-28 15:51:56.991 I/libPowerHal(  905): [perfLockAcq] idx:3 hdl:1689 hint:-1 pid:1687 duration:600 lock_user:system_server => ret_hdl:1689
08-28 15:51:56.991 I/libPowerHal(  905): [PU] scn:3, update
08-28 15:51:56.992 W/ActivityTaskManager( 1687): Tried to set launchTime (0) < mLastActivityLaunchTime (4353546)
08-28 15:51:56.994 W/FA      ( 9773): Failed to retrieve Firebase Instance Id
08-28 15:51:56.995 W/ContextImpl( 9773): Calling a method in the system process without a qualified user: android.app.ContextImpl.bindService:1906 android.content.ContextWrapper.bindService:822 m7.im.g:11 m7.im.d:103 m7.hb.a:203 
08-28 15:51:56.997 I/PowerHalWrapper( 1687): amsBoostNotify pid:9773,activity:com.android.settings.bootloader.BootloaderStatusActivity, package:com.android.settings, mProcessCreatePackcom.android.traceur 
08-28 15:51:56.997 I/PowerHalWrapper( 1687): state: 1 
08-28 15:51:56.997 I/PowerHalWrapper( 1687): amsBoostNotify AMS_BOOST_PROCESS_CREATE_BOOST:false 
08-28 15:51:56.997 I/libPowerHal(  905): [perfNotifyAppState] pack:com.android.settings, act:com.android.settings.bootloader.BootloaderStatusActivity, state:1, pid:9773, uid:1000, fps:60
08-28 15:51:56.997 I/mtkpower@impl(  905): [notifyAppState] act com.android.settings.Settings$DevelopmentSettingsDashboardActivity => com.android.settings.bootloader.BootloaderStatusActivity
08-28 15:51:56.999 D/WindowManager( 1687): Input focus has changed to null display=0 updateInputWindows = true
08-28 15:51:57.003 I/PowerHalWrapper( 1687): amsBoostNotify pid:9773,activity:com.android.settings.Settings$DevelopmentSettingsDashboardActivity, package:com.android.settings, mProcessCreatePackcom.android.traceur 
08-28 15:51:57.003 I/PowerHalWrapper( 1687): state: 0 
08-28 15:51:57.004 I/PowerHalWrapper( 1687): amsBoostNotify AMS_BOOST_PROCESS_CREATE_BOOST:false 
08-28 15:51:57.004 I/libPowerHal(  905): [perfNotifyAppState] pack:com.android.settings, act:com.android.settings.Settings$DevelopmentSettingsDashboardActivity, state:0, pid:9773, uid:1000, fps:60
08-28 15:51:57.004 D/ProcessManager( 1687): skip notify foregroundAppInfo:ApplicationInfo{d96b4fd com.android.settings}
08-28 15:51:57.010 W/android.hardware.memtrack-service.mediatek(  904): [memtrack] fopen /proc/mtk_mali/gpu_memory fail
08-28 15:51:57.010 W/android.hardware.memtrack-service.mediatek(  904): [memtrack] fopen /proc/dma_heap/stats fail
08-28 15:51:57.016 D/IS_CTS_MODE( 9773): false
08-28 15:51:57.016 D/MULTI_WINDOW_SWITCH_ENABLED( 9773): false
08-28 15:51:57.018 D/libMEOW ( 9773): meow new tls: 0xb40000736e572e40
08-28 15:51:57.018 D/libMEOW ( 9773): applied 1 plugins for [com.android.settings]:
08-28 15:51:57.018 D/libMEOW ( 9773):   plugin 1: [libMEOW_gift.so]:
08-28 15:51:57.018 D/DecorView[]( 9773): getWindowModeFromSystem  windowmode is 1
08-28 15:51:57.020 D/libMEOW ( 9773): meow delete tls: 0xb40000736e572e40
08-28 15:51:57.024 D/BoundBrokerSvc(32716): onBind: Intent { act=com.google.android.gms.measurement.START pkg=com.google.android.gms }
08-28 15:51:57.024 D/BoundBrokerSvc(32716): Loading bound service for intent: Intent { act=com.google.android.gms.measurement.START pkg=com.google.android.gms }
08-28 15:51:57.024 W/android.hardware.memtrack-service.mediatek(  904): [memtrack] fopen /proc/mtk_mali/gpu_memory fail
08-28 15:51:57.024 W/android.hardware.memtrack-service.mediatek(  904): [memtrack] fopen /proc/dma_heap/stats fail
08-28 15:51:57.024 E/        ( 9773): setFeedbackRadius failed , e:java.lang.NoSuchMethodException: android.view.View.setFeedbackRadius [float]
08-28 15:51:57.032 W/android.hardware.memtrack-service.mediatek(  904): [memtrack] fopen /proc/mtk_mali/gpu_memory fail
08-28 15:51:57.033 W/android.hardware.memtrack-service.mediatek(  904): [memtrack] fopen /proc/dma_heap/stats fail
08-28 15:51:57.040 W/android.hardware.memtrack-service.mediatek(  904): [memtrack] fopen /proc/mtk_mali/gpu_memory fail
08-28 15:51:57.040 W/android.hardware.memtrack-service.mediatek(  904): [memtrack] fopen /proc/dma_heap/stats fail
08-28 15:51:57.043 I/libPerfCtl(  905): xgfGetFPS pid:6153 fps:-1
08-28 15:51:57.043 I/libPerfCtl(  905): xgfGetFPS pid:9773 fps:52
08-28 15:51:57.050 D/AlertController( 9773): Alert dialog ime debugEnable = 
08-28 15:51:57.050 D/IS_CTS_MODE( 9773): false
08-28 15:51:57.050 D/MULTI_WINDOW_SWITCH_ENABLED( 9773): false
08-28 15:51:57.051 W/android.hardware.memtrack-service.mediatek(  904): [memtrack] fopen /proc/mtk_mali/gpu_memory fail
08-28 15:51:57.051 W/android.hardware.memtrack-service.mediatek(  904): [memtrack] fopen /proc/dma_heap/stats fail
08-28 15:51:57.059 W/android.hardware.memtrack-service.mediatek(  904): [memtrack] fopen /proc/mtk_mali/gpu_memory fail
08-28 15:51:57.059 W/android.hardware.memtrack-service.mediatek(  904): [memtrack] fopen /proc/dma_heap/stats fail
08-28 15:51:57.061 I/SurfaceFlinger(  923): operator()(), mtkRenderCntDebug 3952, screenshot (com.android.settings/com.android.settings.Settings$DevelopmentSettingsDashboardActivity#0)
08-28 15:51:57.061 I/SurfaceFlinger(  923): operator()(), mtkRenderCntDebug 3952, screenshot (ForceBlack#0)
08-28 15:51:57.061 I/SurfaceFlinger(  923): operator()(), mtkRenderCntDebug 3952, screenshot (com.miui.securitycenter/.FloatingWindow#0)
08-28 15:51:57.067 W/android.hardware.memtrack-service.mediatek(  904): [memtrack] fopen /proc/mtk_mali/gpu_memory fail
08-28 15:51:57.068 W/android.hardware.memtrack-service.mediatek(  904): [memtrack] fopen /proc/dma_heap/stats fail
08-28 15:51:57.081 I/SurfaceFlinger(  923): [SF client] NEW(0xb40000717e057700) for (9773:com.android.settings)
08-28 15:51:57.082 D/ViewRootImpl[BootloaderStatusActivity]( 9773): hardware acceleration = true, sRendererEnabled = true, forceHwAccelerated = false
08-28 15:51:57.082 D/DecorView[]( 9773): updateDecorCaptionStatus displayWindowDecor is false
08-28 15:51:57.087 D/WindowManager( 1687): Input focus has changed to Window{1a3219f u0 com.android.settings/com.android.settings.bootloader.BootloaderStatusActivity} display=0 updateInputWindows = false
08-28 15:51:57.096 D/AAL     ( 1261): 08-28 03:51:57.014 BL= 508,ESS= 256, 08-28 03:51:57.065 BL= 507,ESS= 256, 
08-28 15:51:57.096 I/SurfaceFlinger(  923): [SF client] NEW(0xb40000717e159e40) for (9773:com.android.settings)
08-28 15:51:57.097 D/ViewRootImpl[BootloaderStatusActivity]( 9773): hardware acceleration = true, sRendererEnabled = true, forceHwAccelerated = false
08-28 15:51:57.098 D/DecorView[]( 9773): getWindowModeFromSystem  windowmode is 1
08-28 15:51:57.098 D/DecorView[]( 9773): updateDecorCaptionStatus displayWindowDecor is false
08-28 15:51:57.101 W/FA      ( 9773): Failed to retrieve Firebase Instance Id
08-28 15:51:57.101 D/RecentsModel( 2211): onTaskStackChangedBackground
08-28 15:51:57.102 D/RecentsModel( 2211): onTaskStackChangedBackground    MSG_TASK_STACK_CHANGE
08-28 15:51:57.102 D/RecentsModel( 2211): preloadRecents
08-28 15:51:57.102 W/RecentsModel( 2211): getRunningTask
08-28 15:51:57.103 I/MultiScreenObserver(10532): onTaskStackChanged, splitScreenMode: false isCameraFloat: false isSmallScreen: false
08-28 15:51:57.103 I/SCTaskStackListener( 3610): onTaskStackChanged! inSplit = false
08-28 15:51:57.105 W/RecentsModel( 2211): getRunningTask   taskInfo=TaskInfo{userId=0 taskId=837 displayId=0 isRunning=true baseIntent=Intent { act=android.settings.APPLICATION_DEVELOPMENT_SETTINGS flg=0x10008000 pkg=com.android.settings cmp=com.android.settings/.Settings$DevelopmentSettingsDashboardActivity } baseActivity=ComponentInfo{com.android.settings/com.android.settings.Settings$DevelopmentSettingsDashboardActivity} topActivity=ComponentInfo{com.android.settings/com.android.settings.bootloader.BootloaderStatusActivity} origActivity=null realActivity=ComponentInfo{com.android.settings/com.android.settings.Settings$DevelopmentSettingsDashboardActivity} numActivities=2 lastActiveTime=4612741 supportsSplitScreenMultiWindow=true supportsMultiWindow=true resizeMode=1 isResizeable=true token=WCT{android.window.IWindowContainerToken$Stub$Proxy@e961d92} topActivityType=1 pictureInPictureParams=PictureInPictureParams( aspectRatio=null sourceRectHint=null hasSetActions=false isAutoPipEnabled=false isSeamlessResizeEnabled=true) displayCutoutSafeInsets=Rect(0, 100 - 0, 0) topActivityInfo=ActivityInfo{3d94363 com.android.settings.bootloader.BootloaderStatusActivity} launchCookies=[] positionInParent=Point(0, 0) parentTaskId=-1 isFocused=true isVisible=true topActivityInSizeCompat=false locusId= null windowMode=0}
08-28 15:51:57.105 W/RecentsModel( 2211): getTaskInfoIgnoreHomeAndFreeform   taskInfo=ComponentInfo{com.android.settings/com.android.settings.Settings$DevelopmentSettingsDashboardActivity}
08-28 15:51:57.106 D/RecentsImpl( 2211): mActivityStateObserver com.android.settings.bootloader.BootloaderStatusActivity
08-28 15:51:57.106 W/RecentsImpl( 2211): onResumed className=com.android.settings.bootloader.BootloaderStatusActivity   mIsInAnotherPro=false   isKeyguardLocked=false
08-28 15:51:57.106 E/ActivityManagerWrapper( 2211): get all recent tasks force including 837
08-28 15:51:57.109 E/ActivityManagerWrapper( 2211): getRecentTasks: size=6
08-28 15:51:57.109 E/ActivityManagerWrapper( 2211): getRecentTasks: taskId=837   userId=0   baseIntent=Intent { act=android.settings.APPLICATION_DEVELOPMENT_SETTINGS flg=0x10008000 pkg=com.android.settings cmp=com.android.settings/.Settings$DevelopmentSettingsDashboardActivity }
08-28 15:51:57.110 E/ActivityManagerWrapper( 2211): getRecentTasks: taskId=841   userId=0   baseIntent=Intent { dat=ga:/data?tab_type=2&go_back_to_discover_feed_from_srp=false&go_back_to_inbox_from_srp=false flg=0x10008000 cmp=com.google.android.googlequicksearchbox/.InternalGoogleAppActivityEntrypoint }
08-28 15:51:57.110 E/ActivityManagerWrapper( 2211): getRecentTasks: taskId=835   userId=0   baseIntent=Intent { act=android.intent.action.MAIN cat=[android.intent.category.LAUNCHER] flg=0x10200000 cmp=com.android.settings/.MainSettings }
08-28 15:51:57.110 E/ActivityManagerWrapper( 2211): getRecentTasks: taskId=829   userId=0   baseIntent=Intent { act=android.intent.action.MAIN cat=[android.intent.category.LAUNCHER] flg=0x10200000 cmp=com.google.android.dialer/.extensions.GoogleDialtactsActivity }
08-28 15:51:57.110 E/ActivityManagerWrapper( 2211): getRecentTasks: taskId=816   userId=0   baseIntent=Intent { act=android.intent.action.MAIN cat=[android.intent.category.LAUNCHER] flg=0x10200000 cmp=com.android.camera/.Camera }
08-28 15:51:57.110 E/ActivityManagerWrapper( 2211): getRecentTasks: taskId=818   userId=0   baseIntent=Intent { act=android.intent.action.MAIN cat=[android.intent.category.LAUNCHER] flg=0x10200000 cmp=com.google.android.apps.messaging/.ui.ConversationListActivity }
08-28 15:51:57.110 E/BufferQueueDebug(  923): [com.android.settings/com.android.settings.bootloader.BootloaderStatusActivity#0](this:0xb40000717ddf18d0,id:-1,api:0,p:-1,c:-1) id info cannot be read from 'com.android.settings/com.android.settings.bootloader.BootloaderStatusActivity#0'
08-28 15:51:57.110 I/BufferQueueDebug(  923): [com.android.settings/com.android.settings.bootloader.BootloaderStatusActivity#0](this:0xb40000717ddf18d0,id:-1,api:0,p:-1,c:-1) BufferQueue core=(923:/system/bin/surfaceflinger)
08-28 15:51:57.115 I/WindowManagerService( 1687): Physical orientation not applied, rotation=0
08-28 15:51:57.116 I/BufferQueueConsumer( 9773): [](id:262d0000001e,api:0,p:-1,c:9773) connect: controlledByApp=false
08-28 15:51:57.117 I/BLASTBufferQueue( 9773): [ViewRootImpl[BootloaderStatusActivity]#30] constructor()
08-28 15:51:57.118 D/skia    ( 1687): SkJpegCodec::onGetPixels +
08-28 15:51:57.118 I/BufferQueueProducer( 9773): [ViewRootImpl[BootloaderStatusActivity]#30(BLAST Consumer)30](id:262d0000001e,api:1,p:9773,c:9773) connect: api=1 producerControlledByApp=true
08-28 15:51:57.128 D/skia    ( 1687): SkJpegCodec::onGetPixels -
08-28 15:51:57.134 E/BufferQueueDebug(  923): [com.android.settings/com.android.settings.bootloader.BootloaderStatusActivity#0](this:0xb40000717d6d48d0,id:-1,api:0,p:-1,c:-1) id info cannot be read from 'com.android.settings/com.android.settings.bootloader.BootloaderStatusActivity#0'
08-28 15:51:57.135 I/BufferQueueDebug(  923): [com.android.settings/com.android.settings.bootloader.BootloaderStatusActivity#0](this:0xb40000717d6d48d0,id:-1,api:0,p:-1,c:-1) BufferQueue core=(923:/system/bin/surfaceflinger)
08-28 15:51:57.136 E/ClientCache(  923): failed to get buffer, could not retrieve buffer
08-28 15:51:57.137 E/OpenGLRenderer( 1687): Device claims wide gamut support, cannot find matching config, error = EGL_SUCCESS
08-28 15:51:57.137 W/OpenGLRenderer( 1687): Failed to initialize 101010-2 format, error = EGL_SUCCESS
08-28 15:51:57.146 I/WindowManagerService( 1687): Physical orientation not applied, rotation=0
08-28 15:51:57.148 I/BufferQueueConsumer( 9773): [](id:262d0000001f,api:0,p:-1,c:9773) connect: controlledByApp=false
08-28 15:51:57.148 I/BLASTBufferQueue( 9773): [ViewRootImpl[BootloaderStatusActivity]#31] constructor()
08-28 15:51:57.149 I/BufferQueueProducer( 9773): [ViewRootImpl[BootloaderStatusActivity]#31(BLAST Consumer)31](id:262d0000001f,api:1,p:9773,c:9773) connect: api=1 producerControlledByApp=true
08-28 15:51:57.162 I/SurfaceFlinger(  923): operator()(), mtkRenderCntDebug 3953, screenshot (com.android.settings/com.android.settings.Settings$DevelopmentSettingsDashboardActivity#0)
08-28 15:51:57.162 I/SurfaceFlinger(  923): operator()(), mtkRenderCntDebug 3953, screenshot (ForceBlack#0)
08-28 15:51:57.162 I/SurfaceFlinger(  923): operator()(), mtkRenderCntDebug 3953, screenshot (com.miui.securitycenter/.FloatingWindow#0)
08-28 15:51:57.169 E/ClientCache(  923): failed to get buffer, could not retrieve buffer
08-28 15:51:57.173 D/WindowManager( 1687): finishDrawingLocked: mDrawState=COMMIT_DRAW_PENDING Window{6aeb14a u0 com.android.settings/com.android.settings.bootloader.BootloaderStatusActivity} in Surface(name=com.android.settings/com.android.settings.bootloader.BootloaderStatusActivity)/@0x9e1b384
08-28 15:51:57.176 D/DecorView[]( 9773): onWindowFocusChanged hasWindowFocus false
08-28 15:51:57.179 D/WindowManager( 1687): finishDrawingLocked: mDrawState=COMMIT_DRAW_PENDING Window{1a3219f u0 com.android.settings/com.android.settings.bootloader.BootloaderStatusActivity} in Surface(name=com.android.settings/com.android.settings.bootloader.BootloaderStatusActivity)/@0x5e3d76d
08-28 15:51:57.196 I/ActivityTaskManager( 1687): Displayed com.android.settings/.bootloader.BootloaderStatusActivity: +237ms
08-28 15:51:57.202 E/ClientCache(  923): failed to get buffer, could not retrieve buffer
08-28 15:51:57.202 E/ClientCache(  923): failed to get buffer, could not retrieve buffer
08-28 15:51:57.206 I/libPowerHal(  905): [perfLockAcq] idx:1 hdl:1691 hint:0 pid:905 duration:80 lock_user:mtkpower@1.0-se => ret_hdl:1691
08-28 15:51:57.206 I/libPowerHal(  905): INTERACTION: set gpu opp level max: 0
08-28 15:51:57.219 E/ClientCache(  923): failed to get buffer, could not retrieve buffer
08-28 15:51:57.219 E/ClientCache(  923): failed to get buffer, could not retrieve buffer
08-28 15:51:57.225 D/DecorView[]( 9773): onWindowFocusChanged hasWindowFocus true
08-28 15:51:57.228 I/BufferQueueProducer(  923): [FramebufferSurface](this:0xb4000072323486e0,id:-1,api:1,p:923,c:923) queueBuffer: fps=0.19 dur=164985.33 max=164490.57 min=12.67
08-28 15:51:57.235 E/ClientCache(  923): failed to get buffer, could not retrieve buffer
08-28 15:51:57.239 I/mtkpower@impl(  905): [setMode] type:5, enabled:0
08-28 15:51:57.239 I/libPowerHal(  905): [perfLockRel] hdl:1688, idx:2
08-28 15:51:57.241 I/PowerHalWrapper( 1687): amsBoostStop AMS_BOOST_PACK_SWITCH:false, AMS_BOOST_ACT_SWITCH:true, AMS_BOOST_PROCESS_CREATE:false 
08-28 15:51:57.241 I/mtkpower@impl(  905): [mtkPowerHint] hint:23, hold:0, ext:30, ext_hold:5000
08-28 15:51:57.241 I/libPowerHal(  905): [perfLockRel] hdl:1690, idx:0
08-28 15:51:57.241 I/libPowerHal(  905): [PD] MTKPOWER_HINT_ACT_SWITCH update cmd:1408300 param:0
08-28 15:51:57.243 I/libPowerHal(  905): [perfLockAcq] idx:2 hdl:1692 hint:30 pid:905 duration:5000 lock_user:mtkpower@1.0-se => ret_hdl:1692
08-28 15:51:57.243 I/libPowerHal(  905): [PE] MTKPOWER_HINT_EXT_LAUNCH update cmd:2020000, param:15
08-28 15:51:57.243 I/libPowerHal(  905): [PE] MTKPOWER_HINT_EXT_LAUNCH update cmd:1408300, param:40
08-28 15:51:57.250 D/AdvertisingIdClient(32716): AdvertisingIdClient already created.
08-28 15:51:57.251 D/AdvertisingIdClient(32716): AdvertisingIdClient is not bounded. Starting to bind it...
08-28 15:51:57.256 D/AdvertisingIdClient(32716): AdvertisingIdClient is bounded
08-28 15:51:57.263 I/SurfaceFlinger(  923): operator()(), mtkRenderCntDebug 3954, screenshot (com.android.settings/com.android.settings.Settings$DevelopmentSettingsDashboardActivity#0)
08-28 15:51:57.263 I/SurfaceFlinger(  923): operator()(), mtkRenderCntDebug 3954, screenshot (Transition Dim Layer for - ActivityRecord{c5483be u0 com.android.settings/.Settings$DevelopmentSettingsDashboardActivity t837}#0)
08-28 15:51:57.264 I/SurfaceFlinger(  923): operator()(), mtkRenderCntDebug 3954, screenshot (com.android.settings/com.android.settings.bootloader.BootloaderStatusActivity#0)
08-28 15:51:57.264 I/SurfaceFlinger(  923): operator()(), mtkRenderCntDebug 3954, screenshot (com.android.settings/com.android.settings.bootloader.BootloaderStatusActivity#0)
08-28 15:51:57.264 I/SurfaceFlinger(  923): operator()(), mtkRenderCntDebug 3954, screenshot (ForceBlack#0)
08-28 15:51:57.264 I/SurfaceFlinger(  923): operator()(), mtkRenderCntDebug 3954, screenshot (com.miui.securitycenter/.FloatingWindow#0)
08-28 15:51:57.280 E/Light   (  898): AmbienteLight: 482.000000
08-28 15:51:57.280 D/AALLightSensor( 1261): oldLux=482 [SA:481 LA:478] newLux=482 (oriLux: 482)
08-28 15:51:57.284 I/AdvertisingIdClient(32716): shouldSendLog 4253111
08-28 15:51:57.284 I/AdvertisingIdClient(32716): GetInfoInternal elapse 33ms
08-28 15:51:57.286 I/mtkpower@impl(  905): [powerd_req] TIMER_MSG_PERF_LOCK_TIMEOUT hdl:1691
08-28 15:51:57.287 I/libPowerHal(  905): [perfLockRel] hdl:1691, idx:1
08-28 15:51:57.294 D/BoundBrokerSvc(32148): onRebind: Intent { act=com.google.android.gms.presencemanager.service.START dat=chimera-action: cmp=com.google.android.gms/.chimera.PersistentApiService }
08-28 15:51:57.303 D/BoundBrokerSvc(32148): onRebind: Intent { act=com.google.android.gms.presencemanager.service.INTERNAL_IDENTITY dat=chimera-action: cmp=com.google.android.gms/.chimera.PersistentApiService }
08-28 15:51:57.363 I/SurfaceFlinger(  923): operator()(), mtkRenderCntDebug 3955, screenshot (com.android.settings/com.android.settings.Settings$DevelopmentSettingsDashboardActivity#0)
08-28 15:51:57.364 I/SurfaceFlinger(  923): operator()(), mtkRenderCntDebug 3955, screenshot (Transition Dim Layer for - ActivityRecord{c5483be u0 com.android.settings/.Settings$DevelopmentSettingsDashboardActivity t837}#0)
08-28 15:51:57.364 I/SurfaceFlinger(  923): operator()(), mtkRenderCntDebug 3955, screenshot (com.android.settings/com.android.settings.bootloader.BootloaderStatusActivity#0)
08-28 15:51:57.364 I/SurfaceFlinger(  923): operator()(), mtkRenderCntDebug 3955, screenshot (com.android.settings/com.android.settings.bootloader.BootloaderStatusActivity#0)
08-28 15:51:57.364 I/SurfaceFlinger(  923): operator()(), mtkRenderCntDebug 3955, screenshot (ForceBlack#0)
08-28 15:51:57.364 I/SurfaceFlinger(  923): operator()(), mtkRenderCntDebug 3955, screenshot (com.miui.securitycenter/.FloatingWindow#0)
08-28 15:51:57.446 D/AAL     ( 1261): 08-28 03:51:57.380 BL= 508,ESS= 256, 08-28 03:51:57.396 BL= 509,ESS= 256, 08-28 03:51:57.413 BL= 510,ESS= 256, 08-28 03:51:57.430 BL= 511,ESS= 256, 08-28 03:51:57.446 BL= 512,ESS= 256, 
08-28 15:51:57.464 I/SurfaceFlinger(  923): operator()(), mtkRenderCntDebug 3956, screenshot (com.android.settings/com.android.settings.Settings$DevelopmentSettingsDashboardActivity#0)
08-28 15:51:57.464 I/SurfaceFlinger(  923): operator()(), mtkRenderCntDebug 3956, screenshot (Transition Dim Layer for - ActivityRecord{c5483be u0 com.android.settings/.Settings$DevelopmentSettingsDashboardActivity t837}#0)
08-28 15:51:57.464 I/SurfaceFlinger(  923): operator()(), mtkRenderCntDebug 3956, screenshot (com.android.settings/com.android.settings.bootloader.BootloaderStatusActivity#0)
08-28 15:51:57.464 I/SurfaceFlinger(  923): operator()(), mtkRenderCntDebug 3956, screenshot (com.android.settings/com.android.settings.bootloader.BootloaderStatusActivity#0)
08-28 15:51:57.464 I/SurfaceFlinger(  923): operator()(), mtkRenderCntDebug 3956, screenshot (ForceBlack#0)
08-28 15:51:57.464 I/SurfaceFlinger(  923): operator()(), mtkRenderCntDebug 3956, screenshot (com.miui.securitycenter/.FloatingWindow#0)
08-28 15:51:57.529 D/AAL     ( 1261): 08-28 03:51:57.463 BL= 513,ESS= 256, 08-28 03:51:57.479 BL= 514,ESS= 256, 08-28 03:51:57.513 BL= 515,ESS= 256, 
08-28 15:51:57.564 I/SurfaceFlinger(  923): operator()(), mtkRenderCntDebug 3957, screenshot (com.android.settings/com.android.settings.Settings$DevelopmentSettingsDashboardActivity#0)
08-28 15:51:57.564 I/SurfaceFlinger(  923): operator()(), mtkRenderCntDebug 3957, screenshot (Transition Dim Layer for - ActivityRecord{c5483be u0 com.android.settings/.Settings$DevelopmentSettingsDashboardActivity t837}#0)
08-28 15:51:57.564 I/SurfaceFlinger(  923): operator()(), mtkRenderCntDebug 3957, screenshot (com.android.settings/com.android.settings.bootloader.BootloaderStatusActivity#0)
08-28 15:51:57.564 I/SurfaceFlinger(  923): operator()(), mtkRenderCntDebug 3957, screenshot (com.android.settings/com.android.settings.bootloader.BootloaderStatusActivity#0)
08-28 15:51:57.564 I/SurfaceFlinger(  923): operator()(), mtkRenderCntDebug 3957, screenshot (ForceBlack#0)
08-28 15:51:57.564 I/SurfaceFlinger(  923): operator()(), mtkRenderCntDebug 3957, screenshot (com.miui.securitycenter/.FloatingWindow#0)
08-28 15:51:57.592 I/mtkpower@impl(  905): [powerd_req] TIMER_MSG_PERF_LOCK_TIMEOUT hdl:1689
08-28 15:51:57.592 I/libPowerHal(  905): [perfLockRel] hdl:1689, idx:3
08-28 15:51:57.593 I/libPowerHal(  905): system_server: cpu_ctrl set cpu freq: -1 -1 -1 -1
08-28 15:51:57.593 I/libPowerHal(  905): system_server: set gpu opp level: 31
08-28 15:51:57.593 I/libPowerHal(  905): system_server: set gpu opp level max: 0
08-28 15:51:57.593 I/libPowerHal(  905): [PD] system_server update cmd:1000000, param:1
08-28 15:51:57.594 I/libPowerHal(  905): [PD] system_server update cmd:1000000 param:1
08-28 15:51:57.613 E/Light   (  898): AmbienteLight: 483.000000
08-28 15:51:57.646 I/hwcomposer(  894): [HWCDisplay] [Display_0 (type:1)] fps:49.708767,dur:1005.86,max:67.84,min:14.45  
08-28 15:51:57.702 D/WindowManager( 1687): shouldDeferAnimationFinish ActivityRecord{f0444a7 u0 com.android.settings/.bootloader.BootloaderStatusActivity t837}, anim = com.android.server.wm.LocalAnimationAdapter@85b05b4
08-28 15:51:57.716 I/PowerHalWrapper( 1687): amsBoostNotify pid:9773,activity:com.android.settings.Settings$DevelopmentSettingsDashboardActivity, package:com.android.settings, mProcessCreatePackcom.android.traceur 
08-28 15:51:57.716 I/PowerHalWrapper( 1687): state: 0 
08-28 15:51:57.716 I/PowerHalWrapper( 1687): amsBoostNotify AMS_BOOST_PROCESS_CREATE_BOOST:false 
08-28 15:51:57.717 I/libPowerHal(  905): [perfNotifyAppState] pack:com.android.settings, act:com.android.settings.Settings$DevelopmentSettingsDashboardActivity, state:0, pid:9773, uid:1000, fps:60
08-28 15:51:57.719 I/BufferQueueProducer( 9773): [ViewRootImpl[Settings$DevelopmentSettingsDashboardActivity]#29(BLAST Consumer)29](id:262d0000001d,api:1,p:9773,c:9773) disconnect: api 1
08-28 15:51:57.728 I/WindowManagerService( 1687): Physical orientation not applied, rotation=0
08-28 15:51:57.729 I/SurfaceFlinger(  923): operator()(), mtkRenderCntDebug 3958, screenshot (com.android.settings/com.android.settings.bootloader.BootloaderStatusActivity#0)
08-28 15:51:57.730 I/SurfaceFlinger(  923): operator()(), mtkRenderCntDebug 3958, screenshot (com.android.settings/com.android.settings.bootloader.BootloaderStatusActivity#0)
08-28 15:51:57.730 I/SurfaceFlinger(  923): operator()(), mtkRenderCntDebug 3958, screenshot (ForceBlack#0)
08-28 15:51:57.730 I/SurfaceFlinger(  923): operator()(), mtkRenderCntDebug 3958, screenshot (com.miui.securitycenter/.FloatingWindow#0)
08-28 15:51:57.730 I/BLASTBufferQueue( 9773): [ViewRootImpl[Settings$DevelopmentSettingsDashboardActivity]#29] destructor()
08-28 15:51:57.730 I/BufferQueueConsumer( 9773): [ViewRootImpl[Settings$DevelopmentSettingsDashboardActivity]#29(BLAST Consumer)29](id:262d0000001d,api:0,p:-1,c:9773) disconnect
08-28 15:51:57.733 I/MemoryOptimizationService(17727): start handleMemoryIntent -> 
08-28 15:51:57.734 I/MemoryOptimizationService(17727): optimized Pkg Name -> com.android.settings
08-28 15:51:57.734 I/MemoryOptimizationService(17727): Optimized pacakge map contains key.
08-28 15:51:57.734 I/MemoryOptimizationService(17727): Send message delayed -> com.android.settings , 30000
08-28 15:51:57.743 I/MiuiNetworkPolicy( 1687): updateUidState uid = 10116, uidState = 10
08-28 15:51:57.743 I/MiuiNetworkPolicy( 1687): updateUidState uid = 10116, uidState = 19
08-28 15:51:57.755 I/WindowManagerService( 1687): Physical orientation not applied, rotation=0
08-28 15:51:57.769 I/BufferQueueDebug(  923): [com.android.settings/com.android.settings.Settings$DevelopmentSettingsDashboardActivity#0](this:0xb40000717d6d18d0,id:-1,api:0,p:-1,c:923) onDestructor()
08-28 15:51:57.769 I/BLASTBufferQueue( 9773): releaseBufferCallbackThunk bufferId:41974715383925 framenumber:577 blastBufferQueue is dead
08-28 15:51:57.830 I/SurfaceFlinger(  923): operator()(), mtkRenderCntDebug 3959, screenshot (com.android.settings/com.android.settings.bootloader.BootloaderStatusActivity#0)
08-28 15:51:57.831 I/SurfaceFlinger(  923): operator()(), mtkRenderCntDebug 3959, screenshot (com.android.settings/com.android.settings.bootloader.BootloaderStatusActivity#0)
08-28 15:51:57.831 I/SurfaceFlinger(  923): operator()(), mtkRenderCntDebug 3959, screenshot (ForceBlack#0)
08-28 15:51:57.831 I/SurfaceFlinger(  923): operator()(), mtkRenderCntDebug 3959, screenshot (com.miui.securitycenter/.FloatingWindow#0)
08-28 15:51:57.947 E/Light   (  898): AmbienteLight: 483.000000
08-28 15:51:58.043 I/libPerfCtl(  905): xgfGetFPS pid:6153 fps:-1
08-28 15:51:58.043 I/libPerfCtl(  905): xgfGetFPS pid:9773 fps:60
08-28 15:51:58.174 D/FiveGDataOptimize( 2168): isAnyCallOngoing callOngoing= false
08-28 15:51:58.184 D/FiveGDataOptimize( 2168): TxRx: 167, Tx: 95, Rx: 71, Hit: 0
08-28 15:51:58.250 D/MIUIInput( 1687): [MotionEvent] publisher action=0x4, 4528339, channel 'd2a2f6b DockAssistantView (server)'
08-28 15:51:58.250 D/MIUIInput( 1687): [MotionEvent] publisher action=0x4, 4528339, channel '9b5a481 NavigationBar0 (server)'
08-28 15:51:58.250 D/MIUIInput( 1687): [MotionEvent] publisher action=0x0, 4528339, channel '1a3219f com.android.settings/com.android.settings.bootloader.BootloaderStatusActivity (server)'
08-28 15:51:58.251 I/SidebarCoverView(18032): onTouch : 4
08-28 15:51:58.252 I/libPowerHal(  905): [perfLockAcq] idx:0 hdl:1693 hint:0 pid:905 duration:80 lock_user:mtkpower@1.0-se => ret_hdl:1693
08-28 15:51:58.252 I/libPowerHal(  905): INTERACTION: set gpu opp level: 0
08-28 15:51:58.252 I/libPowerHal(  905): INTERACTION: set gpu opp level max: 0
08-28 15:51:58.252 I/libPowerHal(  905): INTERACTION: cpu_ctrl set cpu freq: 1800000 -1 2000000 -1
08-28 15:51:58.253 I/DockFeature(18032): isSupportDock: isSupportFreeform=true	isPhone=true	isAboveMiui125=true	isSupportDock=true	isDevBuild=false
08-28 15:51:58.253 I/libPowerHal(  905): [perfLockAcq] idx:1 hdl:1694 hint:0 pid:905 duration:80 lock_user:mtkpower@1.0-se => ret_hdl:1694
08-28 15:51:58.253 I/libPowerHal(  905): INTERACTION: set gpu opp level max: 0
08-28 15:51:58.254 D/SidebarTouchListener(18032): onTouch: 	action = 4	isLeftShow = true
08-28 15:51:58.280 E/Light   (  898): AmbienteLight: 482.000000
08-28 15:51:58.297 D/MIUIInput( 1687): [MotionEvent] publisher action=0x1, 4528387, channel '1a3219f com.android.settings/com.android.settings.bootloader.BootloaderStatusActivity (server)'
08-28 15:51:58.300 I/BufferQueueProducer(  923): [com.android.settings/com.android.settings.bootloader.BootloaderStatusActivity#0](this:0xb40000717ddf18d0,id:-1,api:0,p:-1,c:923) queueBuffer: fps=13.75 dur=1164.05 max=781.37 min=15.44
08-28 15:51:58.304 I/SurfaceFlinger(  923): operator()(), mtkRenderCntDebug 3960, screenshot (com.android.settings/com.android.settings.bootloader.BootloaderStatusActivity#0)
08-28 15:51:58.304 I/SurfaceFlinger(  923): operator()(), mtkRenderCntDebug 3960, screenshot (com.android.settings/com.android.settings.bootloader.BootloaderStatusActivity#0)
08-28 15:51:58.304 I/SurfaceFlinger(  923): operator()(), mtkRenderCntDebug 3960, screenshot (ForceBlack#0)
08-28 15:51:58.304 I/SurfaceFlinger(  923): operator()(), mtkRenderCntDebug 3960, screenshot (com.miui.securitycenter/.FloatingWindow#0)
08-28 15:51:58.332 I/mtkpower@impl(  905): [powerd_req] TIMER_MSG_PERF_LOCK_TIMEOUT hdl:1693
08-28 15:51:58.333 I/libPowerHal(  905): [perfLockRel] hdl:1693, idx:0
08-28 15:51:58.333 I/mtkpower@impl(  905): [powerd_req] TIMER_MSG_PERF_LOCK_TIMEOUT hdl:1694
08-28 15:51:58.333 I/libPowerHal(  905): [perfLockRel] hdl:1694, idx:1
08-28 15:51:58.333 I/libPowerHal(  905): INTERACTION: cpu_ctrl set cpu freq: -1 -1 -1 -1
08-28 15:51:58.333 I/libPowerHal(  905): INTERACTION: set gpu opp level: 31
08-28 15:51:58.333 I/libPowerHal(  905): INTERACTION: set gpu opp level max: 0
08-28 15:51:58.407 I/SurfaceFlinger(  923): operator()(), mtkRenderCntDebug 3961, screenshot (com.android.settings/com.android.settings.bootloader.BootloaderStatusActivity#0)
08-28 15:51:58.407 I/SurfaceFlinger(  923): operator()(), mtkRenderCntDebug 3961, screenshot (com.android.settings/com.android.settings.bootloader.BootloaderStatusActivity#0)
08-28 15:51:58.408 I/SurfaceFlinger(  923): operator()(), mtkRenderCntDebug 3961, screenshot (ForceBlack#0)
08-28 15:51:58.408 I/SurfaceFlinger(  923): operator()(), mtkRenderCntDebug 3961, screenshot (com.miui.securitycenter/.FloatingWindow#0)
08-28 15:51:58.508 I/SurfaceFlinger(  923): operator()(), mtkRenderCntDebug 3962, screenshot (com.android.settings/com.android.settings.bootloader.BootloaderStatusActivity#0)
08-28 15:51:58.508 I/SurfaceFlinger(  923): operator()(), mtkRenderCntDebug 3962, screenshot (com.android.settings/com.android.settings.bootloader.BootloaderStatusActivity#0)
08-28 15:51:58.508 I/SurfaceFlinger(  923): operator()(), mtkRenderCntDebug 3962, screenshot (ForceBlack#0)
08-28 15:51:58.508 I/SurfaceFlinger(  923): operator()(), mtkRenderCntDebug 3962, screenshot (com.miui.securitycenter/.FloatingWindow#0)
08-28 15:51:58.521 I/BufferQueueProducer( 9773): [ViewRootImpl[BootloaderStatusActivity]#30(BLAST Consumer)30](id:262d0000001e,api:1,p:9773,c:9773) disconnect: api 1
08-28 15:51:58.523 D/View    ( 9773): [Warning] assignParent to null: this = DecorView@99b6891[BootloaderStatusActivity]
08-28 15:51:58.523 I/BLASTBufferQueue( 9773): [ViewRootImpl[BootloaderStatusActivity]#30] destructor()
08-28 15:51:58.523 I/BufferQueueConsumer( 9773): [ViewRootImpl[BootloaderStatusActivity]#30(BLAST Consumer)30](id:262d0000001e,api:0,p:-1,c:9773) disconnect
08-28 15:51:58.525 W/InputManager-JNI( 1687): Input channel object '1a3219f com.android.settings/com.android.settings.bootloader.BootloaderStatusActivity (client)' was disposed without first being removed with the input manager!
08-28 15:51:58.527 D/WindowManager( 1687): setParent old=ActivityRecord{f0444a7 u0 com.android.settings/.bootloader.BootloaderStatusActivity t837},new=null,this window=Window{1a3219f u0 com.android.settings/com.android.settings.bootloader.BootloaderStatusActivity},callers=com.android.server.wm.WindowContainer.removeChild:620 com.android.server.wm.ActivityRecord.removeChild:4214 com.android.server.wm.ActivityRecord.removeChild:417 com.android.server.wm.WindowContainer.removeImmediately:672 com.android.server.wm.WindowState.removeImmediately:2533 com.android.server.wm.WindowState.removeIfPossible:2729 
08-28 15:51:58.536 D/WindowManager( 1687): Input focus has changed to Window{6aeb14a u0 com.android.settings/com.android.settings.bootloader.BootloaderStatusActivity} display=0 updateInputWindows = false
08-28 15:51:58.536 I/BufferQueueDebug(  923): [com.android.settings/com.android.settings.bootloader.BootloaderStatusActivity#0](this:0xb40000717ddf18d0,id:-1,api:0,p:-1,c:923) onDestructor()
08-28 15:51:58.536 I/BLASTBufferQueue( 9773): releaseBufferCallbackThunk bufferId:41974715383931 framenumber:30 blastBufferQueue is dead
08-28 15:51:58.568 D/DecorView[]( 9773): onWindowFocusChanged hasWindowFocus true
08-28 15:51:58.572 I/GoogleInputMethodService( 2820): GoogleInputMethodService.onFinishInput():2186 
08-28 15:51:58.573 I/Module  ( 2820): DeviceLockedStatusModuleProvider$Module.updateDeviceLockedStatus():103 repeatCheckTimes = 0, locked = false
08-28 15:51:58.574 I/GoogleInputMethodService( 2820): GoogleInputMethodService.onStartInput():1444 onStartInput(EditorInfo{EditorInfo{packageName=com.android.settings, inputType=0, inputTypeString=NULL, enableLearning=false, autoCorrection=false, autoComplete=false, imeOptions=0, privateImeOptions=null, actionName=UNSPECIFIED, actionLabel=null, initialSelStart=-1, initialSelEnd=-1, initialCapsMode=0, label=null, fieldId=-1, fieldName=null, extras=null, hintText=null, hintLocales=[]}}, false)
08-28 15:51:58.575 I/AndroidIME( 2820): LatinIMEBase.updateInputViewCoverNavigation():321 Update input view padding, isNavbarOverInputWindow=false, bottom inset=130
08-28 15:51:58.576 I/Module  ( 2820): DeviceLockedStatusModuleProvider$Module.updateDeviceLockedStatus():103 repeatCheckTimes = 1, locked = false
08-28 15:51:58.599 E/ClientCache(  923): failed to get buffer, could not retrieve buffer
08-28 15:51:58.600 I/BufferQueueProducer(  923): [com.android.settings/com.android.settings.bootloader.BootloaderStatusActivity#0](this:0xb40000717d6d48d0,id:-1,api:0,p:-1,c:923) queueBuffer: fps=2.10 dur=1430.94 max=1380.71 min=16.73
08-28 15:51:58.609 I/SurfaceFlinger(  923): operator()(), mtkRenderCntDebug 3963, screenshot (com.android.settings/com.android.settings.bootloader.BootloaderStatusActivity#0)
08-28 15:51:58.609 I/SurfaceFlinger(  923): operator()(), mtkRenderCntDebug 3963, screenshot (ForceBlack#0)
08-28 15:51:58.609 I/SurfaceFlinger(  923): operator()(), mtkRenderCntDebug 3963, screenshot (com.miui.securitycenter/.FloatingWindow#0)
08-28 15:51:58.614 E/Light   (  898): AmbienteLight: 489.000000
08-28 15:51:58.709 I/SurfaceFlinger(  923): operator()(), mtkRenderCntDebug 3964, screenshot (com.android.settings/com.android.settings.bootloader.BootloaderStatusActivity#0)
08-28 15:51:58.710 I/SurfaceFlinger(  923): operator()(), mtkRenderCntDebug 3964, screenshot (ForceBlack#0)
08-28 15:51:58.710 I/SurfaceFlinger(  923): operator()(), mtkRenderCntDebug 3964, screenshot (com.miui.securitycenter/.FloatingWindow#0)
08-28 15:51:58.736 I/hwcomposer(  894): [HWCDisplay] [Display_0 (type:1)] fps:25.686132,dur:1090.08,max:527.68,min:9.06  
08-28 15:51:58.793 D/AAL     ( 1261): 08-28 03:51:58.662 BL= 514,ESS= 256, 08-28 03:51:58.699 BL= 513,ESS= 256, 08-28 03:51:58.711 BL= 512,ESS= 256, 08-28 03:51:58.744 BL= 511,ESS= 256, 
08-28 15:51:58.810 I/SurfaceFlinger(  923): operator()(), mtkRenderCntDebug 3965, screenshot (com.android.settings/com.android.settings.bootloader.BootloaderStatusActivity#0)
08-28 15:51:58.810 I/SurfaceFlinger(  923): operator()(), mtkRenderCntDebug 3965, screenshot (ForceBlack#0)
08-28 15:51:58.810 I/SurfaceFlinger(  923): operator()(), mtkRenderCntDebug 3965, screenshot (com.miui.securitycenter/.FloatingWindow#0)
08-28 15:51:58.910 I/SurfaceFlinger(  923): operator()(), mtkRenderCntDebug 3966, screenshot (com.android.settings/com.android.settings.bootloader.BootloaderStatusActivity#0)
08-28 15:51:58.910 I/SurfaceFlinger(  923): operator()(), mtkRenderCntDebug 3966, screenshot (ForceBlack#0)
08-28 15:51:58.910 I/SurfaceFlinger(  923): operator()(), mtkRenderCntDebug 3966, screenshot (com.miui.securitycenter/.FloatingWindow#0)
08-28 15:51:58.947 E/Light   (  898): AmbienteLight: 490.000000
08-28 15:51:59.011 I/SurfaceFlinger(  923): operator()(), mtkRenderCntDebug 3967, screenshot (com.android.settings/com.android.settings.bootloader.BootloaderStatusActivity#0)
08-28 15:51:59.011 I/SurfaceFlinger(  923): operator()(), mtkRenderCntDebug 3967, screenshot (ForceBlack#0)
08-28 15:51:59.011 I/SurfaceFlinger(  923): operator()(), mtkRenderCntDebug 3967, screenshot (com.miui.securitycenter/.FloatingWindow#0)
08-28 15:51:59.044 I/libPerfCtl(  905): xgfGetFPS pid:6153 fps:-1
08-28 15:51:59.044 I/libPerfCtl(  905): xgfGetFPS pid:9773 fps:60
08-28 15:51:59.132 D/MIUIInput( 1687): [MotionEvent] publisher action=0x4, 4529220, channel 'd2a2f6b DockAssistantView (server)'
08-28 15:51:59.132 D/MIUIInput( 1687): [MotionEvent] publisher action=0x4, 4529220, channel '9b5a481 NavigationBar0 (server)'
08-28 15:51:59.132 D/MIUIInput( 1687): [MotionEvent] publisher action=0x0, 4529220, channel '6aeb14a com.android.settings/com.android.settings.bootloader.BootloaderStatusActivity (server)'
08-28 15:51:59.132 I/SidebarCoverView(18032): onTouch : 4
08-28 15:51:59.133 I/DockFeature(18032): isSupportDock: isSupportFreeform=true	isPhone=true	isAboveMiui125=true	isSupportDock=true	isDevBuild=false
08-28 15:51:59.134 I/libPowerHal(  905): [perfLockAcq] idx:0 hdl:1695 hint:0 pid:905 duration:80 lock_user:mtkpower@1.0-se => ret_hdl:1695
08-28 15:51:59.134 I/libPowerHal(  905): INTERACTION: set gpu opp level: 0
08-28 15:51:59.134 I/libPowerHal(  905): INTERACTION: set gpu opp level max: 0
08-28 15:51:59.134 D/SidebarTouchListener(18032): onTouch: 	action = 4	isLeftShow = true
08-28 15:51:59.134 I/libPowerHal(  905): INTERACTION: cpu_ctrl set cpu freq: 1800000 -1 2000000 -1
08-28 15:51:59.135 I/libPowerHal(  905): [perfLockAcq] idx:1 hdl:1696 hint:0 pid:905 duration:80 lock_user:mtkpower@1.0-se => ret_hdl:1696
08-28 15:51:59.135 I/libPowerHal(  905): INTERACTION: set gpu opp level max: 0
08-28 15:51:59.154 D/MIUIInput( 1687): [MotionEvent] publisher action=0x1, 4529244, channel '6aeb14a com.android.settings/com.android.settings.bootloader.BootloaderStatusActivity (server)'
08-28 15:51:59.169 I/CloudTelephonyManager( 9773): blockingGetDeviceId is called by com.android.settings with timeout: 60000
08-28 15:51:59.169 I/SurfaceFlinger(  923): operator()(), mtkRenderCntDebug 3968, screenshot (com.android.settings/com.android.settings.bootloader.BootloaderStatusActivity#0)
08-28 15:51:59.169 I/SurfaceFlinger(  923): operator()(), mtkRenderCntDebug 3968, screenshot (ForceBlack#0)
08-28 15:51:59.169 I/SurfaceFlinger(  923): operator()(), mtkRenderCntDebug 3968, screenshot (com.miui.securitycenter/.FloatingWindow#0)
08-28 15:51:59.170 I/SecurityDeviceCredentialManager( 9773): getService: sService != null. 
08-28 15:51:59.171 I/SecurityDeviceCredentialManager( 9773): getService: binder alive. 
08-28 15:51:59.172 I/##XLogger##( 2162): #&^Eo6Ji5TXUU9q0SFHGiShsm0b5vU0OT+JUX6Qv2xmnHoWp1n1Bx6nAl7kSrLuFL84hBSqVTsGMkYc22nwiVVDCPuC7dNfRdIrhE8KP8PMNdomG2V9d6IYUQtvLMowt6naF3QPW7zUxhooHp6y6wJ+ocuMrTN7JNs/Lp/O3LWqT4o=!!ei8qKa6Vw3xurn7UH1uZ0jC8U95z1upQJgEdDplKq/yeS3KP3/r5gHga7TqgZTSEVS4+kJEJ0zsn5K//ep1stbgsfS5+3e9IsWYG0SKWRE3ad2uJcpx1wX2OsIIiA/lVZUJ64DOnycN0wEtldy2/DC/z2XlNVzDUKwHu00WzuRdDlKZPSxxlr5cCkI6ogKM8frFNGBgENBAj1IKvlrjmIUSH0cQzJCPlW2Bko1gRORUVLOYwGdgdMrcakY6dbuGvOwtrtjIWgumFXimx4MGqGf0edYwYp3YFg13ssg5Ookn/iQbOUi+0Pjd3CNmhJunr^&#
08-28 15:51:59.175 I/SurfaceFlinger(  923): [SF client] NEW(0xb40000717d566540) for (6153:com.android.systemui)
08-28 15:51:59.175 I/android_os_HwBinder( 2162): HwBinder: Starting thread pool for getting: vendor.xiaomi.hardware.mtdservice@1.0::IMTService/default
08-28 15:51:59.177 I/[mTEE]  (  474):  come into the TZ_VFS_OPEN function
08-28 15:51:59.177 D/[mTEE]  (  474):  pathname = /vendor/thh/ta/86f623f6a2994dfdb560ffd3e5a62c29.ta
08-28 15:51:59.177 D/[mTEE]  (  474):  flags = 0 mode = 0 retval = 5
08-28 15:51:59.177 D/[mTEE]  (  474):  come into the TZ_VFS_CLOSE function
08-28 15:51:59.177 D/[mTEE]  (  474):  fd = 5
08-28 15:51:59.177 D/[mTEE]  (  474):  retVal = 0
08-28 15:51:59.177 D/ViewRootImpl[Toast]( 6153): hardware acceleration = true, sRendererEnabled = true, forceHwAccelerated = false
08-28 15:51:59.177 I/[mTEE]  (  474):  come into the TZ_VFS_OPEN function
08-28 15:51:59.178 D/[mTEE]  (  474):  pathname = /vendor/thh/ta/86f623f6a2994dfdb560ffd3e5a62c29.ta
08-28 15:51:59.178 D/[mTEE]  (  474):  flags = 0 mode = 0 retval = 5
08-28 15:51:59.178 D/[mTEE]  (  474):  come into the TZ_VFS_LSEEK function
08-28 15:51:59.178 D/[mTEE]  (  474):  come into the TZ_VFS_LSEEK function
08-28 15:51:59.178 D/[mTEE]  (  474):  come into the TZ_VFS_LSEEK function
08-28 15:51:59.178 D/[mTEE]  (  474):  come into the TZ_VFS_READ function
08-28 15:51:59.179 D/[mTEE]  (  474):  come into the TZ_VFS_CLOSE function
08-28 15:51:59.179 D/[mTEE]  (  474):  fd = 5
08-28 15:51:59.179 D/[mTEE]  (  474):  retVal = 0
08-28 15:51:59.192 E/BufferQueueDebug(  923): [Toast#0](this:0xb40000717d5bc8d0,id:-1,api:0,p:-1,c:-1) id info cannot be read from 'Toast#0'
08-28 15:51:59.192 I/BufferQueueDebug(  923): [Toast#0](this:0xb40000717d5bc8d0,id:-1,api:0,p:-1,c:-1) BufferQueue core=(923:/system/bin/surfaceflinger)
08-28 15:51:59.197 I/WindowManagerService( 1687): Physical orientation not applied, rotation=0
08-28 15:51:59.198 I/BufferQueueConsumer( 6153): [](id:180900000047,api:0,p:-1,c:6153) connect: controlledByApp=false
08-28 15:51:59.198 I/BLASTBufferQueue( 6153): [ViewRootImpl[Toast]#71] constructor()
08-28 15:51:59.200 I/BufferQueueProducer( 6153): [ViewRootImpl[Toast]#71(BLAST Consumer)71](id:180900000047,api:1,p:6153,c:6153) connect: api=1 producerControlledByApp=true
08-28 15:51:59.210 I/##XLogger##( 2162): #&^Eo6Ji5TXUU9q0SFHGiShsm0b5vU0OT+JUX6Qv2xmnHoWp1n1Bx6nAl7kSrLuFL84hBSqVTsGMkYc22nwiVVDCPuC7dNfRdIrhE8KP8PMNdomG2V9d6IYUQtvLMowt6naF3QPW7zUxhooHp6y6wJ+ocuMrTN7JNs/Lp/O3LWqT4o=!!ei8qKa6Vw3xurn7UH1uZ0jC8U95z1upQJgEdDplKq/yeS3KP3/r5gHga7TqgZTSEVS4+kJEJ0zsn5K//ep1stbgsfS5+3e9IsWYG0SKWRE2ltdmftNBAVuOP1Tx+1Ob7SKK1cimttvQQSwNWlDYYWqnziKZhxXBs/1Suybl2zrkI4VRRuV+yTFK1i9oWvPEHi4S/YwkmFp1IkDxhB6EtYlrqLhr5W0zYdlnLKH1O1CLRQrQ7I/0lPw3bZg624Yzb2Wz8kHe2PUXH+rJrkw7t9DaiTAxdXiUoOqZEATKW0b8=^&#
08-28 15:51:59.210 I/CloudTelephonyManager( 9773): blockingGetDeviceId is called by com.android.settings with timeout: 60000
08-28 15:51:59.214 I/mtkpower@impl(  905): [powerd_req] TIMER_MSG_PERF_LOCK_TIMEOUT hdl:1695
08-28 15:51:59.214 I/libPowerHal(  905): [perfLockRel] hdl:1695, idx:0
08-28 15:51:59.215 E/ClientCache(  923): failed to get buffer, could not retrieve buffer
08-28 15:51:59.215 I/mtkpower@impl(  905): [powerd_req] TIMER_MSG_PERF_LOCK_TIMEOUT hdl:1696
08-28 15:51:59.215 I/libPowerHal(  905): [perfLockRel] hdl:1696, idx:1
08-28 15:51:59.216 I/libPowerHal(  905): INTERACTION: cpu_ctrl set cpu freq: -1 -1 -1 -1
08-28 15:51:59.216 I/libPowerHal(  905): INTERACTION: set gpu opp level: 31
08-28 15:51:59.216 I/libPowerHal(  905): INTERACTION: set gpu opp level max: 0
08-28 15:51:59.231 E/ClientCache(  923): failed to get buffer, could not retrieve buffer
08-28 15:51:59.242 D/AAL     ( 1261): 08-28 03:51:59.226 BL= 510,ESS= 256, 
08-28 15:51:59.245 D/CarrierConfigLoader( 2168): getConfigForSubIdWithFeature: subscriptionId=7, phoneId=1
08-28 15:51:59.248 E/ClientCache(  923): failed to get buffer, could not retrieve buffer
08-28 15:51:59.256 D/NetworkController.MobileSignalController(7)( 6153): update5GConnectState: false
08-28 15:51:59.256 D/NetworkController.MobileSignalController(7)( 6153): NotQcom5G, signal level = 5
08-28 15:51:59.265 E/ClientCache(  923): failed to get buffer, could not retrieve buffer
08-28 15:51:59.269 I/SurfaceFlinger(  923): operator()(), mtkRenderCntDebug 3969, screenshot (com.android.settings/com.android.settings.bootloader.BootloaderStatusActivity#0)
08-28 15:51:59.269 I/SurfaceFlinger(  923): operator()(), mtkRenderCntDebug 3969, screenshot (ForceBlack#0)
08-28 15:51:59.269 I/SurfaceFlinger(  923): operator()(), mtkRenderCntDebug 3969, screenshot (com.miui.securitycenter/.FloatingWindow#0)
08-28 15:51:59.280 E/Light   (  898): AmbienteLight: 493.000000
08-28 15:51:59.342 D/AAL     ( 1261): 08-28 03:51:59.309 BL= 511,ESS= 256, 
08-28 15:51:59.370 I/SurfaceFlinger(  923): operator()(), mtkRenderCntDebug 3970, screenshot (com.android.settings/com.android.settings.bootloader.BootloaderStatusActivity#0)
08-28 15:51:59.370 I/SurfaceFlinger(  923): operator()(), mtkRenderCntDebug 3970, screenshot (ForceBlack#0)
08-28 15:51:59.370 I/SurfaceFlinger(  923): operator()(), mtkRenderCntDebug 3970, screenshot (com.miui.securitycenter/.FloatingWindow#0)
08-28 15:51:59.470 I/SurfaceFlinger(  923): operator()(), mtkRenderCntDebug 3971, screenshot (com.android.settings/com.android.settings.bootloader.BootloaderStatusActivity#0)
08-28 15:51:59.470 I/SurfaceFlinger(  923): operator()(), mtkRenderCntDebug 3971, screenshot (ForceBlack#0)
08-28 15:51:59.470 I/SurfaceFlinger(  923): operator()(), mtkRenderCntDebug 3971, screenshot (com.miui.securitycenter/.FloatingWindow#0)
08-28 15:51:59.515 E/netd    (  872): FwmarkServer connect uid=1000addr=::ffff:20.33.39.105,port443
08-28 15:51:59.571 I/SurfaceFlinger(  923): operator()(), mtkRenderCntDebug 3972, screenshot (com.android.settings/com.android.settings.bootloader.BootloaderStatusActivity#0)
08-28 15:51:59.571 I/SurfaceFlinger(  923): operator()(), mtkRenderCntDebug 3972, screenshot (ForceBlack#0)
08-28 15:51:59.571 I/SurfaceFlinger(  923): operator()(), mtkRenderCntDebug 3972, screenshot (com.miui.securitycenter/.FloatingWindow#0)
08-28 15:51:59.613 E/Light   (  898): AmbienteLight: 493.000000
08-28 15:51:59.947 E/Light   (  898): AmbienteLight: 493.000000
08-28 15:52:00.002 D/AlarmManagerService( 1687): inside native alarm timerfd set Alarm Type = 2
08-28 15:52:00.002 D/AlarmManagerService( 1687): inside native alarm timerfd set Alarm Type = 3
08-28 15:52:00.004 D/AlarmManagerService( 1687): inside native alarm timerfd set Alarm Type = 2
08-28 15:52:00.004 D/AlarmManagerService( 1687): inside native alarm timerfd set Alarm Type = 3
08-28 15:52:00.009 D/KeyguardUpdateMonitor( 6153): received broadcast android.intent.action.TIME_TICK
08-28 15:52:00.044 I/libPerfCtl(  905): xgfGetFPS pid:6153 fps:64
08-28 15:52:00.044 I/libPerfCtl(  905): xgfGetFPS pid:9773 fps:-1
08-28 15:52:00.044 I/libPowerHal(  905): [updateFPS] pid(9773) : 60 => -1
08-28 15:52:00.044 I/libPowerHal(  905): [perfNotifyAppState] pack:com.android.settings, act:com.android.settings.bootloader.BootloaderStatusActivity, state:5, pid:9773, uid:1000, fps:-1
08-28 15:52:00.045 E/UxUtility(  905): notifyAppState error = NULL
08-28 15:52:00.045 I/TouchUtility(  905): notifyAppState error = NULL
08-28 15:52:00.048 I/BufferQueueProducer(  923): [StatusBar#0](this:0xb40000717dd558d0,id:-1,api:0,p:-1,c:923) queueBuffer: fps=0.41 dur=4906.58 max=3909.71 min=996.88
08-28 15:52:00.050 I/hwcomposer(  894): [HWCDisplay] [Display_0 (type:1)] fps:31.218502,dur:1313.32,max:498.86,min:14.54  
08-28 15:52:00.053 I/SurfaceFlinger(  923): operator()(), mtkRenderCntDebug 3973, screenshot (com.android.settings/com.android.settings.bootloader.BootloaderStatusActivity#0)
08-28 15:52:00.053 I/SurfaceFlinger(  923): operator()(), mtkRenderCntDebug 3973, screenshot (ForceBlack#0)
08-28 15:52:00.053 I/SurfaceFlinger(  923): operator()(), mtkRenderCntDebug 3973, screenshot (com.miui.securitycenter/.FloatingWindow#0)
08-28 15:52:00.100 D/KeyguardUpdateMonitor( 6153): handleTimeUpdate
08-28 15:52:00.171 I/SurfaceFlinger(  923): operator()(), mtkRenderCntDebug 3974, screenshot (com.android.settings/com.android.settings.bootloader.BootloaderStatusActivity#0)
08-28 15:52:00.171 I/SurfaceFlinger(  923): operator()(), mtkRenderCntDebug 3974, screenshot (ForceBlack#0)
08-28 15:52:00.171 I/SurfaceFlinger(  923): operator()(), mtkRenderCntDebug 3974, screenshot (com.miui.securitycenter/.FloatingWindow#0)
08-28 15:52:00.280 E/Light   (  898): AmbienteLight: 494.000000
08-28 15:52:00.484 D/CloudDeviceStatus( 9773): stateCode: 200
08-28 15:52:00.485 D/CloudDeviceStatus( 9773): content: {"result":"ok","retriable":false,"code":0,"data":{"nonce":"AgUAJMRZ7c3DwGZjYjdmMWY0YzXE_ijE3BKRYQW-x8PBhCbdevK1-w"},"description":"成功","ts":1787921520327}
08-28 15:52:00.485 I/SecurityDeviceCredentialManager( 9773): getService: sService != null. 
08-28 15:52:00.486 I/SecurityDeviceCredentialManager( 9773): getService: binder alive. 
08-28 15:52:00.488 I/##XLogger##( 2162): #&^Eo6Ji5TXUU9q0SFHGiShsm0b5vU0OT+JUX6Qv2xmnHoWp1n1Bx6nAl7kSrLuFL84hBSqVTsGMkYc22nwiVVDCPuC7dNfRdIrhE8KP8PMNdomG2V9d6IYUQtvLMowt6naF3QPW7zUxhooHp6y6wJ+ocuMrTN7JNs/Lp/O3LWqT4o=!!ei8qKa6Vw3xurn7UH1uZ0jC8U95z1upQJgEdDplKq/yeS3KP3/r5gHga7TqgZTSEVS4+kJEJ0zsn5K//ep1stbgsfS5+3e9IsWYG0SKWRE3ad2uJcpx1wX2OsIIiA/lVZUJ64DOnycN0wEtldy2/DC/z2XlNVzDUKwHu00WzuRfscP7PkEoqLGosZJvacLF7MLl1q99jQTNibRYEYQrvnoTEavlivx2qwdyaZPUNn7R42BRMErw4TpeIsGUNlcbd6qRiqbGt8886ZHJcHWa1OPs0+J3zEdxOBtroQbK8FBg=^&#
08-28 15:52:00.493 I/android_os_HwBinder( 2162): HwBinder: Starting thread pool for getting: vendor.xiaomi.hardware.mtdservice@1.0::IMTService/default
08-28 15:52:00.496 I/[mTEE]  (  474):  come into the TZ_VFS_OPEN function
08-28 15:52:00.496 D/[mTEE]  (  474):  pathname = /vendor/thh/ta/86f623f6a2994dfdb560ffd3e5a62c29.ta
08-28 15:52:00.496 D/[mTEE]  (  474):  flags = 0 mode = 0 retval = 5
08-28 15:52:00.496 D/[mTEE]  (  474):  come into the TZ_VFS_CLOSE function
08-28 15:52:00.497 D/[mTEE]  (  474):  fd = 5
08-28 15:52:00.497 D/[mTEE]  (  474):  retVal = 0
08-28 15:52:00.497 I/[mTEE]  (  474):  come into the TZ_VFS_OPEN function
08-28 15:52:00.498 D/[mTEE]  (  474):  pathname = /vendor/thh/ta/86f623f6a2994dfdb560ffd3e5a62c29.ta
08-28 15:52:00.498 D/[mTEE]  (  474):  flags = 0 mode = 0 retval = 5
08-28 15:52:00.499 D/[mTEE]  (  474):  come into the TZ_VFS_LSEEK function
08-28 15:52:00.500 D/[mTEE]  (  474):  come into the TZ_VFS_LSEEK function
08-28 15:52:00.501 D/[mTEE]  (  474):  come into the TZ_VFS_LSEEK function
08-28 15:52:00.507 D/[mTEE]  (  474):  come into the TZ_VFS_READ function
08-28 15:52:00.508 D/[mTEE]  (  474):  come into the TZ_VFS_CLOSE function
08-28 15:52:00.508 D/[mTEE]  (  474):  fd = 5
08-28 15:52:00.508 D/[mTEE]  (  474):  retVal = 0
08-28 15:52:00.569 D/[mTEE]  (  474):  come into the TZ_VFS_IOCTL function
08-28 15:52:00.569 D/[mTEE]  (  474):  fd = 6
08-28 15:52:00.569 D/[mTEE]  (  474):  cmd = 6
08-28 15:52:00.571 D/[mTEE]  (  474): retVal = 0x0 , *((int*)param_address) = 0x400 
08-28 15:52:00.613 E/Light   (  898): AmbienteLight: 493.000000
08-28 15:52:00.679 I/android_os_HwBinder( 2162): HwBinder: Starting thread pool for getting: vendor.xiaomi.hardware.mtdservice@1.0::IMTService/default
08-28 15:52:00.681 I/[mTEE]  (  474):  come into the TZ_VFS_OPEN function
08-28 15:52:00.682 D/[mTEE]  (  474):  pathname = /vendor/thh/ta/86f623f6a2994dfdb560ffd3e5a62c29.ta
08-28 15:52:00.682 D/[mTEE]  (  474):  flags = 0 mode = 0 retval = 5
08-28 15:52:00.683 D/[mTEE]  (  474):  come into the TZ_VFS_CLOSE function
08-28 15:52:00.683 D/[mTEE]  (  474):  fd = 5
08-28 15:52:00.683 D/[mTEE]  (  474):  retVal = 0
08-28 15:52:00.684 I/[mTEE]  (  474):  come into the TZ_VFS_OPEN function
08-28 15:52:00.684 D/[mTEE]  (  474):  pathname = /vendor/thh/ta/86f623f6a2994dfdb560ffd3e5a62c29.ta
08-28 15:52:00.684 D/[mTEE]  (  474):  flags = 0 mode = 0 retval = 5
08-28 15:52:00.685 D/[mTEE]  (  474):  come into the TZ_VFS_LSEEK function
08-28 15:52:00.686 D/[mTEE]  (  474):  come into the TZ_VFS_LSEEK function
08-28 15:52:00.687 D/[mTEE]  (  474):  come into the TZ_VFS_LSEEK function
08-28 15:52:00.688 D/[mTEE]  (  474):  come into the TZ_VFS_READ function
08-28 15:52:00.689 D/[mTEE]  (  474):  come into the TZ_VFS_CLOSE function
08-28 15:52:00.689 D/[mTEE]  (  474):  fd = 5
08-28 15:52:00.690 D/[mTEE]  (  474):  retVal = 0
08-28 15:52:00.736 D/[mTEE]  (  474):  come into the TZ_VFS_IOCTL function
08-28 15:52:00.736 D/[mTEE]  (  474):  fd = 6
08-28 15:52:00.736 D/[mTEE]  (  474):  cmd = 6
08-28 15:52:00.738 D/[mTEE]  (  474): retVal = 0x0 , *((int*)param_address) = 0x400 
08-28 15:52:00.820 I/android_os_HwBinder( 2162): HwBinder: Starting thread pool for getting: vendor.xiaomi.hardware.mtdservice@1.0::IMTService/default
08-28 15:52:00.823 I/[mTEE]  (  474):  come into the TZ_VFS_OPEN function
08-28 15:52:00.824 D/[mTEE]  (  474):  pathname = /vendor/thh/ta/86f623f6a2994dfdb560ffd3e5a62c29.ta
08-28 15:52:00.824 D/[mTEE]  (  474):  flags = 0 mode = 0 retval = 5
08-28 15:52:00.825 D/[mTEE]  (  474):  come into the TZ_VFS_CLOSE function
08-28 15:52:00.825 D/[mTEE]  (  474):  fd = 5
08-28 15:52:00.825 D/[mTEE]  (  474):  retVal = 0
08-28 15:52:00.826 I/[mTEE]  (  474):  come into the TZ_VFS_OPEN function
08-28 15:52:00.826 D/[mTEE]  (  474):  pathname = /vendor/thh/ta/86f623f6a2994dfdb560ffd3e5a62c29.ta
08-28 15:52:00.826 D/[mTEE]  (  474):  flags = 0 mode = 0 retval = 5
08-28 15:52:00.827 D/[mTEE]  (  474):  come into the TZ_VFS_LSEEK function
08-28 15:52:00.828 D/[mTEE]  (  474):  come into the TZ_VFS_LSEEK function
08-28 15:52:00.829 D/[mTEE]  (  474):  come into the TZ_VFS_LSEEK function
08-28 15:52:00.830 D/[mTEE]  (  474):  come into the TZ_VFS_READ function
08-28 15:52:00.831 D/[mTEE]  (  474):  come into the TZ_VFS_CLOSE function
08-28 15:52:00.831 D/[mTEE]  (  474):  fd = 5
08-28 15:52:00.831 D/[mTEE]  (  474):  retVal = 0
08-28 15:52:00.871 D/[mTEE]  (  474):  come into the TZ_VFS_IOCTL function
08-28 15:52:00.871 D/[mTEE]  (  474):  fd = 6
08-28 15:52:00.871 D/[mTEE]  (  474):  cmd = 6
08-28 15:52:00.872 D/[mTEE]  (  474): retVal = 0x0 , *((int*)param_address) = 0x400 
08-28 15:52:00.943 I/##XLogger##( 2162): #&^Eo6Ji5TXUU9q0SFHGiShsm0b5vU0OT+JUX6Qv2xmnHoWp1n1Bx6nAl7kSrLuFL84hBSqVTsGMkYc22nwiVVDCPuC7dNfRdIrhE8KP8PMNdomG2V9d6IYUQtvLMowt6naF3QPW7zUxhooHp6y6wJ+ocuMrTN7JNs/Lp/O3LWqT4o=!!ei8qKa6Vw3xurn7UH1uZ0jC8U95z1upQJgEdDplKq/yeS3KP3/r5gHga7TqgZTSEVS4+kJEJ0zsn5K//ep1stbgsfS5+3e9IsWYG0SKWRE3kcN2lHzwKEbAiaHHP4qLrR6djjri1z4SYfvK5W1GuyE1+y1AUiDUdetH/oJ77QZgs5aT/2nt/vmc2+DXUavVmN7v8H6rUon8cAq/GSrJeuaT1gy5oXoOWShquAjiaFlx/+aQbD/znPg+ag7R6JWFjQt2l+P3+YCnjyOpzweN2hclcRl142iDl6GkS1yJO/cI=^&#
08-28 15:52:00.947 E/Light   (  898): AmbienteLight: 494.000000
08-28 15:52:00.949 E/##XLogger##( 6340): #&^iXfwq83AKZyAwckcT1190c73nlJIHUuJzbMKgbKiZvgqpuN4pnm7g/8r+GduYCPKU5+r3+tapvGhJzOLdHBLjKhheKJ4z34SjaiFJ7yTg08lxlq/VGa+nXvZVwu73eBqfx+vhx3bOgLdWiJdg38wZovMa15OJFlwqbQyEXqjbe8=!account!QWMMTFfEzp+95Yide9XFsM7C85K+M6YamD4BN4oL+cuxaXBBEsVC132o1sDYSphi0wm8hZzWUrwKa+qrDBgCvyJbrBpL5KPXrxsEnfrzw4WzBK9D3WkE3E7N4D5lbueC4UQdKNDv4qmyqQY/FYirmw==^&#
08-28 15:52:00.952 E/##XLogger##( 6340): #&^iXfwq83AKZyAwckcT1190c73nlJIHUuJzbMKgbKiZvgqpuN4pnm7g/8r+GduYCPKU5+r3+tapvGhJzOLdHBLjKhheKJ4z34SjaiFJ7yTg08lxlq/VGa+nXvZVwu73eBqfx+vhx3bOgLdWiJdg38wZovMa15OJFlwqbQyEXqjbe8=!account!QWMMTFfEzp+95Yide9XFsDiBXmBLxe1ZvSOEWx7+2UXMITc3kPBvwDfLAmWx9GQntKjzWrlYZl9VIbEWV1JzZOAgwhNgyAkVR/TLr8JFwoVOgFFUNmeYj47gfozqkRxuvwAokeBZifUkAUwO/poU6A==^&#
08-28 15:52:00.957 E/##XLogger##( 6340): #&^iXfwq83AKZyAwckcT1190c73nlJIHUuJzbMKgbKiZvgqpuN4pnm7g/8r+GduYCPKU5+r3+tapvGhJzOLdHBLjKhheKJ4z34SjaiFJ7yTg08lxlq/VGa+nXvZVwu73eBqfx+vhx3bOgLdWiJdg38wZovMa15OJFlwqbQyEXqjbe8=!account!QWMMTFfEzp+95Yide9XFsEzhDQIXIKqXGaZ3Dz18TLbTIDbM9JIyI4yaQ8YjlA8U^&#
08-28 15:52:00.961 E/##XLogger##( 6340): #&^iXfwq83AKZyAwckcT1190c73nlJIHUuJzbMKgbKiZvgqpuN4pnm7g/8r+GduYCPKU5+r3+tapvGhJzOLdHBLjKhheKJ4z34SjaiFJ7yTg08lxlq/VGa+nXvZVwu73eBqfx+vhx3bOgLdWiJdg38wZovMa15OJFlwqbQyEXqjbe8=!account!CgyQ7nsv6M0HK0B13ACXFLmirmuiVrwe0qfMKdhsKkD53SvCmyD77kdcIDU70FIDqUlG1pprh9dPtfpiGDlDxOvjAgXI1IIrEiKOY+hdQ+RJLxzWDGg0uLulaQjISlab^&#
08-28 15:52:00.964 W/System.err( 6340): java.lang.NoSuchFieldException
08-28 15:52:00.964 W/System.err( 6340): 	at y5.d.i(Unknown Source:21)
08-28 15:52:00.964 W/System.err( 6340): 	at y5.d.l(Unknown Source:1)
08-28 15:52:00.964 W/System.err( 6340): 	at o4.d.b(Unknown Source:32)
08-28 15:52:00.964 W/System.err( 6340): 	at o4.c$b.run(Unknown Source:38)
08-28 15:52:00.964 W/System.err( 6340): 	at java.util.concurrent.ThreadPoolExecutor.runWorker(ThreadPoolExecutor.java:1154)
08-28 15:52:00.964 W/System.err( 6340): 	at java.util.concurrent.ThreadPoolExecutor$Worker.run(ThreadPoolExecutor.java:652)
08-28 15:52:00.964 W/System.err( 6340): 	at java.lang.Thread.run(Thread.java:1564)
08-28 15:52:00.966 E/##XLogger##( 6340): #&^iXfwq83AKZyAwckcT1190c73nlJIHUuJzbMKgbKiZvgqpuN4pnm7g/8r+GduYCPKU5+r3+tapvGhJzOLdHBLjKhheKJ4z34SjaiFJ7yTg08lxlq/VGa+nXvZVwu73eBqfx+vhx3bOgLdWiJdg38wZovMa15OJFlwqbQyEXqjbe8=!account!QWMMTFfEzp+95Yide9XFsDiBXmBLxe1ZvSOEWx7+2UX1eqJQFr4AKen2fDMkwsmnUK0va+77AjHktol0ZHnf94Bbh7TVWRkip6vLS8TKSV4=^&#
08-28 15:52:00.976 I/NotificationService( 1687): cancelToast pkg=com.android.settings token=android.os.BinderProxy@f29845a
08-28 15:52:01.001 I/SurfaceFlinger(  923): operator()(), mtkRenderCntDebug 3975, screenshot (com.android.settings/com.android.settings.bootloader.BootloaderStatusActivity#0)
08-28 15:52:01.002 I/SurfaceFlinger(  923): operator()(), mtkRenderCntDebug 3975, screenshot (ForceBlack#0)
08-28 15:52:01.002 I/SurfaceFlinger(  923): operator()(), mtkRenderCntDebug 3975, screenshot (com.miui.securitycenter/.FloatingWindow#0)
08-28 15:52:01.012 I/BufferQueueProducer(  923): [com.android.settings/com.android.settings.bootloader.BootloaderStatusActivity#0](this:0xb40000717d6d48d0,id:-1,api:0,p:-1,c:923) queueBuffer: fps=7.88 dur=2411.92 max=1829.70 min=15.31
08-28 15:52:01.028 I/BufferQueueProducer(  923): [Toast#0](this:0xb40000717d5bc8d0,id:-1,api:0,p:-1,c:923) queueBuffer: fps=11.58 dur=1813.18 max=1479.84 min=16.47
08-28 15:52:01.044 I/libPerfCtl(  905): xgfGetFPS pid:6153 fps:-1
08-28 15:52:01.044 I/libPerfCtl(  905): xgfGetFPS pid:9773 fps:-1
08-28 15:52:01.064 I/hwcomposer(  894): [HWCDisplay] [Display_0 (type:1)] fps:5.917857,dur:1013.88,max:830.56,min:15.48  
08-28 15:52:01.101 I/SurfaceFlinger(  923): operator()(), mtkRenderCntDebug 3976, screenshot (com.android.settings/com.android.settings.bootloader.BootloaderStatusActivity#0)
08-28 15:52:01.102 I/SurfaceFlinger(  923): operator()(), mtkRenderCntDebug 3976, screenshot (ForceBlack#0)
08-28 15:52:01.102 I/SurfaceFlinger(  923): operator()(), mtkRenderCntDebug 3976, screenshot (com.miui.securitycenter/.FloatingWindow#0)
08-28 15:52:01.193 W/FirebaseRemoteConfig( 4845): No value of type 'FirebaseRemoteConfigValue' exists for parameter key 'enable_push_monitor_broadcast'.
08-28 15:52:01.196 D/MiBarrage( 3145): The sbn packageName is :android
08-28 15:52:01.196 D/MiBarrage( 3145): No barrage: not in game scene or in video scene
08-28 15:52:01.201 I/SurfaceFlinger(  923): operator()(), mtkRenderCntDebug 3977, screenshot (com.android.settings/com.android.settings.bootloader.BootloaderStatusActivity#0)
08-28 15:52:01.201 I/SurfaceFlinger(  923): operator()(), mtkRenderCntDebug 3977, screenshot (ForceBlack#0)
08-28 15:52:01.202 I/SurfaceFlinger(  923): operator()(), mtkRenderCntDebug 3977, screenshot (com.miui.securitycenter/.FloatingWindow#0)
08-28 15:52:01.203 D/NotificationFilterController( 6153): filter group summary suppressed key=0|com.miui.videoplayer|2147483647|ranker_group|10137|ranker_group
08-28 15:52:01.210 D/InterruptionStateProvider( 6153): No bubble up: not allowed to bubble: 0|android|37|AccountManagerService:37:-1621462046|1000
08-28 15:52:01.221 D/NotificationFilterController( 6153): filter group summary suppressed key=0|com.miui.videoplayer|2147483647|ranker_group|10137|ranker_group
08-28 15:52:01.229 D/PeopleSpaceWidgetMgr( 6153): Sbn doesn't contain valid PeopleTileKey: null/0/android
08-28 15:52:01.244 I/BufferQueueProducer(  923): [StatusBar#0](this:0xb40000717dd558d0,id:-1,api:0,p:-1,c:923) queueBuffer: fps=1.67 dur=1196.81 max=1079.56 min=117.25
08-28 15:52:01.254 D/AAL     ( 1261): 08-28 03:52:01.222 BL= 510,ESS= 256, 
08-28 15:52:01.261 I/BufferQueueProducer( 6153): [ViewRootImpl[Toast]#71(BLAST Consumer)71](id:180900000047,api:1,p:6153,c:6153) disconnect: api 1
08-28 15:52:01.263 D/View    ( 6153): [Warning] assignParent to null: this = android.widget.LinearLayout{5e1c85 V.E...... ......ID 0,0-880,334}
08-28 15:52:01.264 W/InputManager-JNI( 1687): Input channel object 'ea543e4 Toast (client)' was disposed without first being removed with the input manager!
08-28 15:52:01.265 I/BLASTBufferQueue( 6153): [ViewRootImpl[Toast]#71] destructor()
08-28 15:52:01.265 I/BufferQueueConsumer( 6153): [ViewRootImpl[Toast]#71(BLAST Consumer)71](id:180900000047,api:0,p:-1,c:6153) disconnect
08-28 15:52:01.265 D/WindowManager( 1687): setParent old=WindowToken{afbd976 android.os.Binder@cb9c411},new=null,this window=Window{ea543e4 u0 Toast},callers=com.android.server.wm.WindowContainer.removeChild:620 com.android.server.wm.WindowContainer.removeImmediately:672 com.android.server.wm.WindowState.removeImmediately:2533 com.android.server.wm.WindowState.removeIfPossible:2729 com.android.server.wm.WindowState.removeIfPossible:2592 com.android.server.wm.WindowManagerService.removeWindow:2258 
08-28 15:52:01.267 D/WindowManager( 1687): setParent old=Leaf:3:14@131336476,new=null,this window=WindowToken{afbd976 android.os.Binder@cb9c411},callers=com.android.server.wm.WindowContainer.removeChild:620 com.android.server.wm.WindowContainer.removeImmediately:672 com.android.server.wm.WindowToken.removeImmediately:363 com.android.server.wm.WindowManagerService.postWindowRemoveCleanupLocked:2304 com.android.server.wm.WindowState.removeImmediately:2586 com.android.server.wm.WindowState.removeIfPossible:2729 
08-28 15:52:01.277 I/libPowerHal(  905): [perfLockAcq] idx:0 hdl:1697 hint:0 pid:905 duration:80 lock_user:mtkpower@1.0-se => ret_hdl:1697
08-28 15:52:01.277 I/libPowerHal(  905): INTERACTION: set gpu opp level: 0
08-28 15:52:01.277 I/libPowerHal(  905): INTERACTION: set gpu opp level max: 0
08-28 15:52:01.278 I/libPowerHal(  905): INTERACTION: cpu_ctrl set cpu freq: 1800000 -1 2000000 -1
08-28 15:52:01.279 W/NotificationService( 1687): Toast already killed. pkg=com.android.settings token=android.os.BinderProxy@f29845a
08-28 15:52:01.279 I/BufferQueueDebug(  923): [Toast#0](this:0xb40000717d5bc8d0,id:-1,api:0,p:-1,c:923) onDestructor()
08-28 15:52:01.279 I/BLASTBufferQueue( 6153): releaseBufferCallbackThunk bufferId:26426933772652 framenumber:35 blastBufferQueue is dead
08-28 15:52:01.280 E/Light   (  898): AmbienteLight: 493.000000
08-28 15:52:01.280 D/AALLightSensor( 1261): oldLux=482 [SA:493 LA:492] newLux=482 (oriLux: 493)
08-28 15:52:01.283 I/SurfaceFlinger(  923): [SF client] NEW(0xb40000717d566f00) for (6153:com.android.systemui)
08-28 15:52:01.284 D/ViewRootImpl[Toast]( 6153): hardware acceleration = true, sRendererEnabled = true, forceHwAccelerated = false
08-28 15:52:01.299 E/BufferQueueDebug(  923): [Toast#0](this:0xb40000717d5e18d0,id:-1,api:0,p:-1,c:-1) id info cannot be read from 'Toast#0'
08-28 15:52:01.299 I/BufferQueueDebug(  923): [Toast#0](this:0xb40000717d5e18d0,id:-1,api:0,p:-1,c:-1) BufferQueue core=(923:/system/bin/surfaceflinger)
08-28 15:52:01.301 I/SurfaceFlinger(  923): operator()(), mtkRenderCntDebug 3978, screenshot (com.android.settings/com.android.settings.bootloader.BootloaderStatusActivity#0)
08-28 15:52:01.301 I/SurfaceFlinger(  923): operator()(), mtkRenderCntDebug 3978, screenshot (ForceBlack#0)
08-28 15:52:01.301 I/SurfaceFlinger(  923): operator()(), mtkRenderCntDebug 3978, screenshot (com.miui.securitycenter/.FloatingWindow#0)
08-28 15:52:01.304 I/WindowManagerService( 1687): Physical orientation not applied, rotation=0
08-28 15:52:01.305 I/BufferQueueConsumer( 6153): [](id:180900000048,api:0,p:-1,c:6153) connect: controlledByApp=false
08-28 15:52:01.306 I/BLASTBufferQueue( 6153): [ViewRootImpl[Toast]#72] constructor()
08-28 15:52:01.307 I/BufferQueueProducer( 6153): [ViewRootImpl[Toast]#72(BLAST Consumer)72](id:180900000048,api:1,p:6153,c:6153) connect: api=1 producerControlledByApp=true
08-28 15:52:01.327 E/ClientCache(  923): failed to get buffer, could not retrieve buffer
08-28 15:52:01.344 E/ClientCache(  923): failed to get buffer, could not retrieve buffer
08-28 15:52:01.358 I/mtkpower@impl(  905): [powerd_req] TIMER_MSG_PERF_LOCK_TIMEOUT hdl:1697
08-28 15:52:01.358 I/libPowerHal(  905): [perfLockRel] hdl:1697, idx:0
08-28 15:52:01.359 I/libPowerHal(  905): INTERACTION: cpu_ctrl set cpu freq: -1 -1 -1 -1
08-28 15:52:01.359 I/libPowerHal(  905): INTERACTION: set gpu opp level: 31
08-28 15:52:01.359 I/libPowerHal(  905): INTERACTION: set gpu opp level max: 0
08-28 15:52:01.360 E/ClientCache(  923): failed to get buffer, could not retrieve buffer
08-28 15:52:01.377 E/ClientCache(  923): failed to get buffer, could not retrieve buffer
08-28 15:52:01.402 I/SurfaceFlinger(  923): operator()(), mtkRenderCntDebug 3979, screenshot (com.android.settings/com.android.settings.bootloader.BootloaderStatusActivity#0)
08-28 15:52:01.402 I/SurfaceFlinger(  923): operator()(), mtkRenderCntDebug 3979, screenshot (ForceBlack#0)
08-28 15:52:01.402 I/SurfaceFlinger(  923): operator()(), mtkRenderCntDebug 3979, screenshot (com.miui.securitycenter/.FloatingWindow#0)
08-28 15:52:01.454 D/AAL     ( 1261): 08-28 03:52:01.439 BL= 511,ESS= 256, 
08-28 15:52:01.502 I/SurfaceFlinger(  923): operator()(), mtkRenderCntDebug 3980, screenshot (com.android.settings/com.android.settings.bootloader.BootloaderStatusActivity#0)
08-28 15:52:01.503 I/SurfaceFlinger(  923): operator()(), mtkRenderCntDebug 3980, screenshot (ForceBlack#0)
08-28 15:52:01.503 I/SurfaceFlinger(  923): operator()(), mtkRenderCntDebug 3980, screenshot (com.miui.securitycenter/.FloatingWindow#0)
08-28 15:52:01.603 I/SurfaceFlinger(  923): operator()(), mtkRenderCntDebug 3981, screenshot (com.android.settings/com.android.settings.bootloader.BootloaderStatusActivity#0)
08-28 15:52:01.603 I/SurfaceFlinger(  923): operator()(), mtkRenderCntDebug 3981, screenshot (ForceBlack#0)
08-28 15:52:01.604 I/SurfaceFlinger(  923): operator()(), mtkRenderCntDebug 3981, screenshot (com.miui.securitycenter/.FloatingWindow#0)
08-28 15:52:01.613 E/Light   (  898): AmbienteLight: 493.000000
08-28 15:52:01.704 I/SurfaceFlinger(  923): operator()(), mtkRenderCntDebug 3982, screenshot (com.android.settings/com.android.settings.bootloader.BootloaderStatusActivity#0)
08-28 15:52:01.704 I/SurfaceFlinger(  923): operator()(), mtkRenderCntDebug 3982, screenshot (ForceBlack#0)
08-28 15:52:01.704 I/SurfaceFlinger(  923): operator()(), mtkRenderCntDebug 3982, screenshot (com.miui.securitycenter/.FloatingWindow#0)
08-28 15:52:01.810 D/CarrierConfigLoader( 2168): getConfigForSubIdWithFeature: subscriptionId=7, phoneId=1
08-28 15:52:01.819 D/NetworkController.MobileSignalController(7)( 6153): update5GConnectState: false
08-28 15:52:01.819 D/NetworkController.MobileSignalController(7)( 6153): NotQcom5G, signal level = 5
08-28 15:52:01.947 E/Light   (  898): AmbienteLight: 494.000000
08-28 15:52:02.044 I/libPerfCtl(  905): xgfGetFPS pid:6153 fps:59
08-28 15:52:02.044 I/libPerfCtl(  905): xgfGetFPS pid:9773 fps:-1
08-28 15:52:02.179 I/hwcomposer(  894): [HWCDisplay] [Display_0 (type:1)] fps:33.165787,dur:1115.61,max:499.71,min:13.74  
08-28 15:52:02.183 I/SurfaceFlinger(  923): operator()(), mtkRenderCntDebug 3983, screenshot (com.android.settings/com.android.settings.bootloader.BootloaderStatusActivity#0)
08-28 15:52:02.184 I/SurfaceFlinger(  923): operator()(), mtkRenderCntDebug 3983, screenshot (ForceBlack#0)
08-28 15:52:02.184 I/SurfaceFlinger(  923): operator()(), mtkRenderCntDebug 3983, screenshot (com.miui.securitycenter/.FloatingWindow#0)
08-28 15:52:02.244 I/mtkpower@impl(  905): [powerd_req] TIMER_MSG_PERF_LOCK_TIMEOUT hdl:1692
08-28 15:52:02.244 I/libPowerHal(  905): [perfLockRel] hdl:1692, idx:2
08-28 15:52:02.244 I/libPowerHal(  905): [PD] MTKPOWER_HINT_EXT_LAUNCH update cmd:1000000, param:-1
08-28 15:52:02.245 I/libPowerHal(  905): [PD] MTKPOWER_HINT_EXT_LAUNCH update cmd:2020000 param:1
08-28 15:52:02.245 I/libPowerHal(  905): [PD] MTKPOWER_HINT_EXT_LAUNCH update cmd:1408300 param:0
08-28 15:52:02.247 I/libPowerHal(  905): [PD] MTKPOWER_HINT_EXT_LAUNCH update cmd:1000000 param:-1
08-28 15:52:02.280 E/Light   (  898): AmbienteLight: 493.000000
08-28 15:52:02.613 E/Light   (  898): AmbienteLight: 495.000000
08-28 15:52:02.913 D/ccci_mdinit(  926): (1):monitor_time_update_thread round:175 ########
08-28 15:52:02.947 E/Light   (  898): AmbienteLight: 496.000000
08-28 15:52:03.045 I/libPerfCtl(  905): xgfGetFPS pid:6153 fps:-1
08-28 15:52:03.045 I/libPerfCtl(  905): xgfGetFPS pid:9773 fps:-1
08-28 15:52:03.189 D/FiveGDataOptimize( 2168): isAnyCallOngoing callOngoing= false
08-28 15:52:03.194 D/FiveGDataOptimize( 2168): TxRx: 1647, Tx: 350, Rx: 1297, Hit: 0
08-28 15:52:03.280 E/Light   (  898): AmbienteLight: 496.000000
08-28 15:52:03.293 I/SurfaceFlinger(  923): operator()(), mtkRenderCntDebug 3984, screenshot (com.android.settings/com.android.settings.bootloader.BootloaderStatusActivity#0)
08-28 15:52:03.293 I/SurfaceFlinger(  923): operator()(), mtkRenderCntDebug 3984, screenshot (ForceBlack#0)
08-28 15:52:03.293 I/SurfaceFlinger(  923): operator()(), mtkRenderCntDebug 3984, screenshot (com.miui.securitycenter/.FloatingWindow#0)
08-28 15:52:03.393 I/SurfaceFlinger(  923): operator()(), mtkRenderCntDebug 3985, screenshot (com.android.settings/com.android.settings.bootloader.BootloaderStatusActivity#0)
08-28 15:52:03.393 I/SurfaceFlinger(  923): operator()(), mtkRenderCntDebug 3985, screenshot (ForceBlack#0)
08-28 15:52:03.393 I/SurfaceFlinger(  923): operator()(), mtkRenderCntDebug 3985, screenshot (com.miui.securitycenter/.FloatingWindow#0)
08-28 15:52:03.614 E/Light   (  898): AmbienteLight: 493.000000
08-28 15:52:03.947 E/Light   (  898): AmbienteLight: 493.000000
08-28 15:52:04.045 I/libPerfCtl(  905): xgfGetFPS pid:6153 fps:-1
08-28 15:52:04.045 I/libPerfCtl(  905): xgfGetFPS pid:9773 fps:-1
08-28 15:52:04.280 E/Light   (  898): AmbienteLight: 491.000000
08-28 15:52:04.374 D/CarrierConfigLoader( 2168): getConfigForSubIdWithFeature: subscriptionId=7, phoneId=1
08-28 15:52:04.395 D/NetworkController.MobileSignalController(7)( 6153): update5GConnectState: false
08-28 15:52:04.396 D/NetworkController.MobileSignalController(7)( 6153): NotQcom5G, signal level = 5
08-28 15:52:04.614 E/Light   (  898): AmbienteLight: 491.000000
08-28 15:52:04.841 I/SurfaceFlinger(  923): operator()(), mtkRenderCntDebug 3986, screenshot (com.android.settings/com.android.settings.bootloader.BootloaderStatusActivity#0)
08-28 15:52:04.841 I/SurfaceFlinger(  923): operator()(), mtkRenderCntDebug 3986, screenshot (ForceBlack#0)
08-28 15:52:04.841 I/SurfaceFlinger(  923): operator()(), mtkRenderCntDebug 3986, screenshot (com.miui.securitycenter/.FloatingWindow#0)
08-28 15:52:04.857 I/BufferQueueProducer(  923): [Toast#0](this:0xb40000717d5e18d0,id:-1,api:0,p:-1,c:923) queueBuffer: fps=6.23 dur=3529.21 max=3179.32 min=16.39
08-28 15:52:04.860 I/hwcomposer(  894): [HWCDisplay] [Display_0 (type:1)] fps:0.373065,dur:2680.50,max:2680.50,min:2680.50  
08-28 15:52:04.941 I/SurfaceFlinger(  923): operator()(), mtkRenderCntDebug 3987, screenshot (com.android.settings/com.android.settings.bootloader.BootloaderStatusActivity#0)
08-28 15:52:04.941 I/SurfaceFlinger(  923): operator()(), mtkRenderCntDebug 3987, screenshot (ForceBlack#0)
08-28 15:52:04.941 I/SurfaceFlinger(  923): operator()(), mtkRenderCntDebug 3987, screenshot (com.miui.securitycenter/.FloatingWindow#0)
08-28 15:52:04.947 E/Light   (  898): AmbienteLight: 493.000000
08-28 15:52:05.012 I/thermal_repeater( 1246): [recvMdThermalInfo] ret=31, strLen=127,  1, 32767,,, 196, 32767, -28524
08-28 15:52:05.042 I/SurfaceFlinger(  923): operator()(), mtkRenderCntDebug 3988, screenshot (com.android.settings/com.android.settings.bootloader.BootloaderStatusActivity#0)
08-28 15:52:05.042 I/SurfaceFlinger(  923): operator()(), mtkRenderCntDebug 3988, screenshot (ForceBlack#0)
08-28 15:52:05.042 I/SurfaceFlinger(  923): operator()(), mtkRenderCntDebug 3988, screenshot (com.miui.securitycenter/.FloatingWindow#0)
08-28 15:52:05.045 I/libPerfCtl(  905): xgfGetFPS pid:6153 fps:63
08-28 15:52:05.045 I/libPerfCtl(  905): xgfGetFPS pid:9773 fps:-1
08-28 15:52:05.063 D/AAL     ( 1261): 08-28 03:52:05.048 BL= 510,ESS= 256, 
08-28 15:52:05.094 I/BufferQueueProducer( 6153): [ViewRootImpl[Toast]#72(BLAST Consumer)72](id:180900000048,api:1,p:6153,c:6153) disconnect: api 1
08-28 15:52:05.097 D/View    ( 6153): [Warning] assignParent to null: this = android.widget.LinearLayout{932a073 V.E...... ......ID 0,0-880,334}
08-28 15:52:05.098 I/BLASTBufferQueue( 6153): [ViewRootImpl[Toast]#72] destructor()
08-28 15:52:05.098 I/BufferQueueConsumer( 6153): [ViewRootImpl[Toast]#72(BLAST Consumer)72](id:180900000048,api:0,p:-1,c:6153) disconnect
08-28 15:52:05.098 W/m.xiaomi.joyos(13883): Reducing the number of considered missed Gc histogram windows from 213 to 100
08-28 15:52:05.100 W/InputManager-JNI( 1687): Input channel object '91bac03 Toast (client)' was disposed without first being removed with the input manager!
08-28 15:52:05.101 D/WindowManager( 1687): setParent old=WindowToken{c82d381 android.os.Binder@a758368},new=null,this window=Window{91bac03 u0 Toast},callers=com.android.server.wm.WindowContainer.removeChild:620 com.android.server.wm.WindowContainer.removeImmediately:672 com.android.server.wm.WindowState.removeImmediately:2533 com.android.server.wm.WindowState.removeIfPossible:2729 com.android.server.wm.WindowState.removeIfPossible:2592 com.android.server.wm.WindowManagerService.removeWindow:2258 
08-28 15:52:05.103 D/WindowManager( 1687): setParent old=Leaf:3:14@131336476,new=null,this window=WindowToken{c82d381 android.os.Binder@a758368},callers=com.android.server.wm.WindowContainer.removeChild:620 com.android.server.wm.WindowContainer.removeImmediately:672 com.android.server.wm.WindowToken.removeImmediately:363 com.android.server.wm.WindowManagerService.postWindowRemoveCleanupLocked:2304 com.android.server.wm.WindowState.removeImmediately:2586 com.android.server.wm.WindowState.removeIfPossible:2729 
08-28 15:52:05.106 I/BufferQueueDebug(  923): [Toast#0](this:0xb40000717d5e18d0,id:-1,api:0,p:-1,c:923) onDestructor()
08-28 15:52:05.106 I/BLASTBufferQueue( 6153): releaseBufferCallbackThunk bufferId:26426933772654 framenumber:37 blastBufferQueue is dead
08-28 15:52:05.112 I/libPowerHal(  905): [perfLockAcq] idx:0 hdl:1698 hint:0 pid:905 duration:80 lock_user:mtkpower@1.0-se => ret_hdl:1698
08-28 15:52:05.112 I/libPowerHal(  905): INTERACTION: set gpu opp level: 0
08-28 15:52:05.112 I/libPowerHal(  905): INTERACTION: set gpu opp level max: 0
08-28 15:52:05.112 I/libPowerHal(  905): INTERACTION: cpu_ctrl set cpu freq: 1800000 -1 2000000 -1
08-28 15:52:05.114 W/NotificationService( 1687): Toast already killed. pkg=com.android.settings token=android.os.BinderProxy@cc49698
08-28 15:52:05.142 I/SurfaceFlinger(  923): operator()(), mtkRenderCntDebug 3989, screenshot (com.android.settings/com.android.settings.bootloader.BootloaderStatusActivity#0)
08-28 15:52:05.142 I/SurfaceFlinger(  923): operator()(), mtkRenderCntDebug 3989, screenshot (ForceBlack#0)
08-28 15:52:05.142 I/SurfaceFlinger(  923): operator()(), mtkRenderCntDebug 3989, screenshot (com.miui.securitycenter/.FloatingWindow#0)
08-28 15:52:05.192 I/mtkpower@impl(  905): [powerd_req] TIMER_MSG_PERF_LOCK_TIMEOUT hdl:1698
08-28 15:52:05.192 I/libPowerHal(  905): [perfLockRel] hdl:1698, idx:0
08-28 15:52:05.192 I/libPowerHal(  905): INTERACTION: cpu_ctrl set cpu freq: -1 -1 -1 -1
08-28 15:52:05.192 I/libPowerHal(  905): INTERACTION: set gpu opp level: 31
08-28 15:52:05.193 I/libPowerHal(  905): INTERACTION: set gpu opp level max: 0
08-28 15:52:05.280 E/Light   (  898): AmbienteLight: 491.000000
08-28 15:52:05.281 D/AALLightSensor( 1261): oldLux=482 [SA:491 LA:491] newLux=482 (oriLux: 491)
08-28 15:52:05.406 I/SurfaceFlinger(  923): operator()(), mtkRenderCntDebug 3990, screenshot (com.android.settings/com.android.settings.bootloader.BootloaderStatusActivity#0)
08-28 15:52:05.406 I/SurfaceFlinger(  923): operator()(), mtkRenderCntDebug 3990, screenshot (ForceBlack#0)
08-28 15:52:05.407 I/SurfaceFlinger(  923): operator()(), mtkRenderCntDebug 3990, screenshot (com.miui.securitycenter/.FloatingWindow#0)
08-28 15:52:05.507 I/SurfaceFlinger(  923): operator()(), mtkRenderCntDebug 3991, screenshot (com.android.settings/com.android.settings.bootloader.BootloaderStatusActivity#0)
08-28 15:52:05.507 I/SurfaceFlinger(  923): operator()(), mtkRenderCntDebug 3991, screenshot (ForceBlack#0)
08-28 15:52:05.507 I/SurfaceFlinger(  923): operator()(), mtkRenderCntDebug 3991, screenshot (com.miui.securitycenter/.FloatingWindow#0)
08-28 15:52:05.532 D/BoundBrokerSvc(32716): onUnbind: Intent { act=com.google.android.gms.auth.key.retrieval.service.START dat=chimera-action: cmp=com.google.android.gms/.chimera.GmsApiService }
08-28 15:52:05.534 W/ProcessStats( 1687): Tracking association SourceState{5535bc1 com.android.systemui/1000 BTopFgs #33256} whose proc state 2 is better than process ProcessState{2b90f66 com.miui.notification:remote/1000 pkg=com.miui.notification} proc state 3 (23 skipped)
08-28 15:52:05.613 E/Light   (  898): AmbienteLight: 490.000000
08-28 15:52:05.947 E/Light   (  898): AmbienteLight: 474.000000
08-28 15:52:06.046 I/libPerfCtl(  905): xgfGetFPS pid:6153 fps:-1
08-28 15:52:06.046 I/libPerfCtl(  905): xgfGetFPS pid:9773 fps:-1
08-28 15:52:06.133 D/MIUIInput( 1687): [MotionEvent] publisher action=0x4, 4536222, channel 'd2a2f6b DockAssistantView (server)'
08-28 15:52:06.134 D/MIUIInput( 1687): [MotionEvent] publisher action=0x4, 4536222, channel '9b5a481 NavigationBar0 (server)'
08-28 15:52:06.134 D/MIUIInput( 1687): [MotionEvent] publisher action=0x0, 4536222, channel 'bd521fc StatusBar (server)'
08-28 15:52:06.134 I/SidebarCoverView(18032): onTouch : 4
08-28 15:52:06.135 I/DockFeature(18032): isSupportDock: isSupportFreeform=true	isPhone=true	isAboveMiui125=true	isSupportDock=true	isDevBuild=false
08-28 15:52:06.136 I/libPowerHal(  905): [perfLockAcq] idx:0 hdl:1699 hint:0 pid:905 duration:80 lock_user:mtkpower@1.0-se => ret_hdl:1699
08-28 15:52:06.136 I/libPowerHal(  905): INTERACTION: set gpu opp level: 0
08-28 15:52:06.136 I/libPowerHal(  905): INTERACTION: set gpu opp level max: 0
08-28 15:52:06.138 I/libPowerHal(  905): INTERACTION: cpu_ctrl set cpu freq: 1800000 -1 2000000 -1
08-28 15:52:06.138 D/SidebarTouchListener(18032): onTouch: 	action = 4	isLeftShow = true
08-28 15:52:06.138 I/libPowerHal(  905): [perfLockAcq] idx:1 hdl:1700 hint:0 pid:905 duration:80 lock_user:mtkpower@1.0-se => ret_hdl:1700
08-28 15:52:06.139 I/libPowerHal(  905): INTERACTION: set gpu opp level max: 0
08-28 15:52:06.140 D/PanelView( 6153): cancelFlingSpring
08-28 15:52:06.142 D/PanelView( 6153): cancelFlingSpring
08-28 15:52:06.198 D/MIUIInput( 1687): [MotionEvent] publisher action=0x1, 4536287, channel 'bd521fc StatusBar (server)'
08-28 15:52:06.218 I/mtkpower@impl(  905): [powerd_req] TIMER_MSG_PERF_LOCK_TIMEOUT hdl:1699
08-28 15:52:06.218 I/libPowerHal(  905): [perfLockRel] hdl:1699, idx:0
08-28 15:52:06.219 I/mtkpower@impl(  905): [powerd_req] TIMER_MSG_PERF_LOCK_TIMEOUT hdl:1700
08-28 15:52:06.219 I/libPowerHal(  905): [perfLockRel] hdl:1700, idx:1
08-28 15:52:06.219 I/libPowerHal(  905): INTERACTION: cpu_ctrl set cpu freq: -1 -1 -1 -1
08-28 15:52:06.219 I/libPowerHal(  905): INTERACTION: set gpu opp level: 31
08-28 15:52:06.220 I/libPowerHal(  905): INTERACTION: set gpu opp level max: 0
08-28 15:52:06.280 E/Light   (  898): AmbienteLight: 508.000000
08-28 15:52:06.599 D/MIUIInput( 1687): [MotionEvent] publisher action=0x4, 4536688, channel 'd2a2f6b DockAssistantView (server)'
08-28 15:52:06.599 D/MIUIInput( 1687): [MotionEvent] publisher action=0x4, 4536688, channel '9b5a481 NavigationBar0 (server)'
08-28 15:52:06.599 D/MIUIInput( 1687): [MotionEvent] publisher action=0x0, 4536688, channel 'bd521fc StatusBar (server)'
08-28 15:52:06.599 I/SidebarCoverView(18032): onTouch : 4
08-28 15:52:06.600 I/DockFeature(18032): isSupportDock: isSupportFreeform=true	isPhone=true	isAboveMiui125=true	isSupportDock=true	isDevBuild=false
08-28 15:52:06.602 D/PanelView( 6153): cancelFlingSpring
08-28 15:52:06.602 D/SidebarTouchListener(18032): onTouch: 	action = 4	isLeftShow = true
08-28 15:52:06.602 I/libPowerHal(  905): [perfLockAcq] idx:0 hdl:1701 hint:0 pid:905 duration:80 lock_user:mtkpower@1.0-se => ret_hdl:1701
08-28 15:52:06.602 I/libPowerHal(  905): INTERACTION: set gpu opp level: 0
08-28 15:52:06.603 I/libPowerHal(  905): INTERACTION: set gpu opp level max: 0
08-28 15:52:06.604 D/PanelView( 6153): cancelFlingSpring
08-28 15:52:06.604 I/libPowerHal(  905): INTERACTION: cpu_ctrl set cpu freq: 1800000 -1 2000000 -1
08-28 15:52:06.605 I/libPowerHal(  905): [perfLockAcq] idx:1 hdl:1702 hint:0 pid:905 duration:80 lock_user:mtkpower@1.0-se => ret_hdl:1702
08-28 15:52:06.605 I/libPowerHal(  905): INTERACTION: set gpu opp level max: 0
08-28 15:52:06.613 E/Light   (  898): AmbienteLight: 498.000000
08-28 15:52:06.638 D/MIUIInput( 1687): [MotionEvent] publisher action=0x1, 4536728, channel 'bd521fc StatusBar (server)'
08-28 15:52:06.685 I/mtkpower@impl(  905): [powerd_req] TIMER_MSG_PERF_LOCK_TIMEOUT hdl:1701
08-28 15:52:06.685 I/libPowerHal(  905): [perfLockRel] hdl:1701, idx:0
08-28 15:52:06.685 I/mtkpower@impl(  905): [powerd_req] TIMER_MSG_PERF_LOCK_TIMEOUT hdl:1702
08-28 15:52:06.686 I/libPowerHal(  905): [perfLockRel] hdl:1702, idx:1
08-28 15:52:06.686 I/libPowerHal(  905): INTERACTION: cpu_ctrl set cpu freq: -1 -1 -1 -1
08-28 15:52:06.686 I/libPowerHal(  905): INTERACTION: set gpu opp level: 31
08-28 15:52:06.686 I/libPowerHal(  905): INTERACTION: set gpu opp level max: 0
08-28 15:52:06.932 D/CarrierConfigLoader( 2168): getConfigForSubIdWithFeature: subscriptionId=7, phoneId=1
08-28 15:52:06.947 E/Light   (  898): AmbienteLight: 530.000000
08-28 15:52:06.954 D/NetworkController.MobileSignalController(7)( 6153): update5GConnectState: false
08-28 15:52:06.954 D/NetworkController.MobileSignalController(7)( 6153): NotQcom5G, signal level = 5
08-28 15:52:07.046 I/libPerfCtl(  905): xgfGetFPS pid:6153 fps:-1
08-28 15:52:07.046 I/libPerfCtl(  905): xgfGetFPS pid:9773 fps:-1
08-28 15:52:07.275 D/BoundBrokerSvc(32716): onUnbind: Intent { act=com.google.android.gms.measurement.START pkg=com.google.android.gms }
08-28 15:52:07.280 E/Light   (  898): AmbienteLight: 753.000000
08-28 15:52:07.312 E/Situation(  898): processEvent, handle:26, flush_action:0
08-28 15:52:07.315 I/libPowerHal(  905): [perfLockAcq] idx:0 hdl:1703 hint:0 pid:905 duration:80 lock_user:mtkpower@1.0-se => ret_hdl:1703
08-28 15:52:07.315 I/libPowerHal(  905): INTERACTION: set gpu opp level: 0
08-28 15:52:07.315 I/libPowerHal(  905): INTERACTION: set gpu opp level max: 0
08-28 15:52:07.316 I/libPowerHal(  905): INTERACTION: cpu_ctrl set cpu freq: 1800000 -1 2000000 -1
08-28 15:52:07.329 I/SurfaceFlinger(  923): operator()(), mtkRenderCntDebug 3992, screenshot (com.android.settings/com.android.settings.bootloader.BootloaderStatusActivity#0)
08-28 15:52:07.329 I/SurfaceFlinger(  923): operator()(), mtkRenderCntDebug 3992, screenshot (ForceBlack#0)
08-28 15:52:07.329 I/SurfaceFlinger(  923): operator()(), mtkRenderCntDebug 3992, screenshot (com.miui.securitycenter/.FloatingWindow#0)
08-28 15:52:07.396 I/mtkpower@impl(  905): [powerd_req] TIMER_MSG_PERF_LOCK_TIMEOUT hdl:1703
08-28 15:52:07.397 I/libPowerHal(  905): [perfLockRel] hdl:1703, idx:0
08-28 15:52:07.397 I/libPowerHal(  905): INTERACTION: cpu_ctrl set cpu freq: -1 -1 -1 -1
08-28 15:52:07.397 I/libPowerHal(  905): INTERACTION: set gpu opp level: 31
08-28 15:52:07.397 I/libPowerHal(  905): INTERACTION: set gpu opp level max: 0
08-28 15:52:07.430 I/SurfaceFlinger(  923): operator()(), mtkRenderCntDebug 3993, screenshot (com.android.settings/com.android.settings.bootloader.BootloaderStatusActivity#0)
08-28 15:52:07.430 I/SurfaceFlinger(  923): operator()(), mtkRenderCntDebug 3993, screenshot (ForceBlack#0)
08-28 15:52:07.430 I/SurfaceFlinger(  923): operator()(), mtkRenderCntDebug 3993, screenshot (com.miui.securitycenter/.FloatingWindow#0)
08-28 15:52:07.573 D/CarrierConfigLoader( 2168): getConfigForSubIdWithFeature: subscriptionId=7, phoneId=1
08-28 15:52:07.594 D/NetworkController.MobileSignalController(7)( 6153): update5GConnectState: false
08-28 15:52:07.595 D/NetworkController.MobileSignalController(7)( 6153): NotQcom5G, signal level = 5
08-28 15:52:07.614 E/Light   (  898): AmbienteLight: 806.000000
08-28 15:52:07.947 E/Light   (  898): AmbienteLight: 878.000000
08-28 15:52:08.046 I/libPerfCtl(  905): xgfGetFPS pid:6153 fps:-1
08-28 15:52:08.046 I/libPerfCtl(  905): xgfGetFPS pid:9773 fps:-1
08-28 15:52:08.197 D/FiveGDataOptimize( 2168): isAnyCallOngoing callOngoing= false
08-28 15:52:08.207 D/FiveGDataOptimize( 2168): TxRx: 0, Tx: 0, Rx: 0, Hit: 0
